A1,AC,S,2,2,2,2,2,2,2,2,2,2,2,2,2,2,2,2,2,2,2,2,2,2,2,2,2,2,2,2,2,2,2,2,2,2,2,2,2,2,2,2,2,2,2,2,2,2,2,2
A10,A9,S,4,4,4,4,4,4,4,4,4,4,4,4,4,6,6,4,4,4,4,4,4,6,6,5,5,6,6,4,4,4,4,4,4,6,6,6,6,6,4,4,4,4,4,4,4,4,4,4
A11,AV,S,8,8,8,8,8,8,8,8,8,8,8,8,8,12,12,8,8,8,8,8,8,12,12,10,10,12,12,8,8,8,8,8,8,12,12,12,12,12,8,8,8,8,8,8,8,8,8,8
A12,A11,S,4,4,4,4,4,4,4,4,4,4,4,4,4,5,5,4,4,4,4,4,4,5,5,4,4,5,5,4,4,4,4,4,4,5,5,5,5,5,4,4,4,4,4,4,4,4,4,4
A13,AVM,S,4,4,4,4,4,4,4,4,4,4,4,4,4,5,5,4,4,4,4,4,4,5,5,4,4,5,5,4,4,4,4,4,4,5,5,5,5,5,4,4,4,4,4,4,4,4,4,4
A14,A13,S,4,4,4,4,4,4,4,4,4,4,4,4,4,5,5,4,4,4,4,4,4,5,5,4,4,5,5,4,4,4,4,4,4,5,5,5,5,5,4,4,4,4,4,4,4,4,4,4
A15,ACN,S,4,4,4,4,4,4,4,4,4,4,4,4,4,5,5,4,4,4,4,4,4,5,5,4,4,5,5,4,4,4,4,4,4,5,5,5,5,5,4,4,4,4,4,4,4,4,4,4
A16,A15,S,6,6,6,6,6,6,6,6,6,6,6,6,6,6,6,6,6,6,6,6,6,6,6,6,6,6,6,6,6,6,6,6,6,6,6,6,6,6,6,6,6,6,6,6,6,6,6,6
A17,A18,S,2,2,2,2,2,2,2,2,2,2,2,2,2,2,2,2,2,2,2,2,2,2,2,2,2,2,2,2,2,2,2,2,2,2,2,2,2,2,2,2,2,2,2,2,2,2,2,2
A18,APK,S,2,2,2,2,2,2,2,2,2,2,2,2,2,2,2,2,2,2,2,2,2,2,2,2,2,2,2,2,2,2,2,2,2,2,2,2,2,2,2,2,2,2,2,2,2,2,2,2
A19,A20,S,2,2,2,2,2,2,2,2,2,2,2,2,2,2,2,2,2,2,2,2,2,2,2,2,2,2,2,2,2,2,2,2,2,2,2,2,2,2,2,2,2,2,2,2,2,2,2,2
A2,A1,S,2,2,2,2,2,2,2,2,2,2,2,2,2,2,2,2,2,2,2,2,2,2,2,2,2,2,2,2,2,2,2,2,2,2,2,2,2,2,2,2,2,2,2,2,2,2,2,2
A20,AGC,S,2,2,2,2,2,2,2,2,2,2,2,2,2,2,2,2,2,2,2,2,2,2,2,2,2,2,2,2,2,2,2,2,2,2,2,2,2,2,2,2,2,2,2,2,2,2,2,2
A21,A22,S,2,2,2,2,2,2,2,2,2,2,2,2,2,2,2,2,2,2,2,2,2,2,2,2,2,2,2,2,2,2,2,2,2,2,2,2,2,2,2,2,2,2,2,2,2,2,2,2
A22,AGA,S,2,2,2,2,2,2,2,2,2,2,2,2,2,2,2,2,2,2,2,2,2,2,2,2,2,2,2,2,2,2,2,2,2,2,2,2,2,2,2,2,2,2,2,2,2,2,2,2
A23,A24,N,2,2,2,2,2,2,2,2,2,2,2,2,2,2,2,2,2,2,2,2,2,2,2,2,2,2,2,2,2,2,2,2,2,2,2,2,2,2,2,2,2,2,2,2,2,2,2,2
A24,AJLM,N,2,2,2,2,2,2,2,2,2,2,2,2,2,2,2,2,2,2,2,2,2,2,2,2,2,2,2,2,2,2,2,2,2,2,2,2,2,2,2,2,2,2,2,2,2,2,2,2
A25,A26,N,2,2,2,2,2,2,2,2,2,2,2,2,2,2,2,2,2,2,2,2,2,2,2,2,2,2,2,2,2,2,2,2,2,2,2,2,2,2,2,2,2,2,2,2,2,2,2,2
A26,AME,N,2,2,2,2,2,2,2,2,2,2,2,2,2,2,2,2,2,2,2,2,2,2,2,2,2,2,2,2,2,2,2,2,2,2,2,2,2,2,2,2,2,2,2,2,2,2,2,2
A27,A28,N,2,2,2,2,2,2,2,2,2,2,2,2,2,2,2,2,2,2,2,2,2,2,2,2,2,2,2,2,2,2,2,2,2,2,2,2,2,2,2,2,2,2,2,2,2,2,2,2
A28,ACAL,N,2,2,2,2,2,2,2,2,2,2,2,2,2,2,2,2,2,2,2,2,2,2,2,2,2,2,2,2,2,2,2,2,2,2,2,2,2,2,2,2,2,2,2,2,2,2,2,2
A29,A30,N,2,2,2,2,2,2,2,2,2,2,2,2,2,2,2,2,2,2,2,2,2,2,2,2,2,2,2,2,2,2,2,2,2,2,2,2,2,2,2,2,2,2,2,2,2,2,2,2
A3,AMW,S,4,4,4,4,4,4,4,4,4,4,4,4,4,4,4,4,4,4,4,4,4,4,4,4,4,4,4,4,4,4,4,4,4,4,4,4,4,4,4,4,4,4,4,4,4,4,4,4
A30,AGE,N,2,2,2,2,2,2,2,2,2,2,2,2,2,2,2,2,2,2,2,2,2,2,2,2,2,2,2,2,2,2,2,2,2,2,2,2,2,2,2,2,2,2,2,2,2,2,2,2
A31,A32,N,2,2,2,2,2,2,2,2,2,2,2,2,2,2,2,2,2,2,2,2,2,2,2,2,2,2,2,2,2,2,2,2,2,2,2,2,2,2,2,2,2,2,2,2,2,2,2,2
A32,APG,N,2,2,2,2,2,2,2,2,2,2,2,2,2,2,2,2,2,2,2,2,2,2,2,2,2,2,2,2,2,2,2,2,2,2,2,2,2,2,2,2,2,2,2,2,2,2,2,2
A33,A34,N,2,2,2,2,2,2,2,2,2,2,2,2,2,2,2,2,2,2,2,2,2,2,2,2,2,2,2,2,2,2,2,2,2,2,2,2,2,2,2,2,2,2,2,2,2,2,2,2
A34,APW,N,2,2,2,2,2,2,2,2,2,2,2,2,2,2,2,2,2,2,2,2,2,2,2,2,2,2,2,2,2,2,2,2,2,2,2,2,2,2,2,2,2,2,2,2,2,2,2,2
A35,A36,N,2,2,2,2,2,2,2,2,2,2,2,2,2,2,2,2,2,2,2,2,2,2,2,2,2,2,2,2,2,2,2,2,2,2,2,2,2,2,2,2,2,2,2,2,2,2,2,2
A36,AJ1,N,2,2,2,2,2,2,2,2,2,2,2,2,2,2,2,2,2,2,2,2,2,2,2,2,2,2,2,2,2,2,2,2,2,2,2,2,2,2,2,2,2,2,2,2,2,2,2,2
A37,AJ2,N,1,1,1,1,1,1,1,1,1,1,1,1,1,1,1,1,1,1,1,1,1,1,1,1,1,1,1,1,1,1,1,1,1,1,1,1,1,1,1,1,1,1,1,1,1,1,1,1
A38,A39,N,2,2,2,2,2,2,2,2,2,2,2,2,2,2,2,2,2,2,2,2,2,2,2,2,2,2,2,2,2,2,2,2,2,2,2,2,2,2,2,2,2,2,2,2,2,2,2,2
A39,ACLC,N,2,2,2,2,2,2,2,2,2,2,2,2,2,2,2,2,2,2,2,2,2,2,2,2,2,2,2,2,2,2,2,2,2,2,2,2,2,2,2,2,2,2,2,2,2,2,2,2
A4,A3,S,4,4,4,4,4,4,4,4,4,4,4,4,4,5,5,5,5,5,4,4,4,4,4,5,5,5,5,4,4,4,4,4,4,4,4,4,4,4,4,4,4,4,4,4,4,4,4,4
A40,A41,N,2,2,2,2,2,2,2,2,2,2,2,2,2,2,2,2,2,2,2,2,2,2,2,2,2,2,2,2,2,2,2,2,2,2,2,2,2,2,2,2,2,2,2,2,2,2,2,2
A41,AVI1,N,2,2,2,2,2,2,2,2,2,2,2,2,2,2,2,2,2,2,2,2,2,2,2,2,2,2,2,2,2,2,2,2,2,2,2,2,2,2,2,2,2,2,2,2,2,2,2,2
A5,ACC,S,8,8,8,8,8,8,8,8,8,8,8,8,8,10,10,10,10,10,8,8,8,8,8,10,10,10,10,8,8,8,8,8,8,8,8,8,8,8,8,8,8,8,8,8,8,8,8,8
A6,A5,S,4,4,4,4,4,4,4,4,4,4,4,4,4,6,6,6,4,4,4,4,4,6,6,5,5,6,6,4,4,4,4,4,4,6,6,6,6,6,4,4,4,4,4,4,4,4,4,4
A7,ACM,S,4,4,4,4,4,4,4,4,4,4,4,4,4,6,6,6,4,4,4,4,4,6,6,5,5,6,6,4,4,4,4,4,4,6,6,6,6,6,4,4,4,4,4,4,4,4,4,4
A8,A7,S,6,6,6,6,6,6,6,6,6,6,6,6,6,6,6,4,4,4,4,4,4,6,6,5,5,6,6,4,4,4,4,4,4,6,6,6,6,6,4,4,4,4,4,6,6,6,6,6
A9,ATRP,S,4,4,4,4,4,4,4,4,4,4,4,4,4,6,6,5,4,4,4,4,4,6,6,5,5,6,6,4,4,4,4,4,4,6,6,6,6,6,4,4,4,4,4,4,4,4,4,4
AC,A17,S,2,2,2,2,2,2,2,2,2,2,2,2,2,2,2,2,2,2,2,2,2,2,2,2,2,2,2,2,2,2,2,2,2,2,2,2,2,2,2,2,2,2,2,2,2,2,2,2
AC,C3,N,2,2,2,2,2,2,2,2,2,2,2,2,3,6,6,6,6,3,3,3,3,3,3,3,3,3,3,3,3,3,3,3,3,3,3,3,3,3,3,3,3,3,3,3,2,2,2,2
ACAL,A29,N,2,2,2,2,2,2,2,2,2,2,2,2,2,2,2,2,2,2,2,2,2,2,2,2,2,2,2,2,2,2,2,2,2,2,2,2,2,2,2,2,2,2,2,2,2,2,2,2
ACC,A4,S,4,4,4,4,4,4,4,4,4,4,4,4,4,5,5,5,5,4,4,4,4,5,5,5,5,5,5,4,4,4,4,4,4,5,5,5,5,5,4,4,4,4,4,4,4,4,4,4
ACC,CC3,N,2,2,2,2,2,2,2,2,2,2,2,2,3,6,6,6,6,3,3,3,3,3,3,3,3,3,3,3,3,3,3,3,3,3,3,3,3,3,3,3,3,2,2,2,2,2,2,2
ACLC,A40,N,2,2,2,2,2,2,2,2,2,2,2,2,2,2,2,2,2,2,2,2,2,2,2,2,2,2,2,2,2,2,2,2,2,2,2,2,2,2,2,2,2,2,2,2,2,2,2,2
ACM,A6,S,4,4,4,4,4,4,4,4,4,4,4,4,4,5,5,5,5,4,4,4,4,5,5,4,4,5,5,4,4,4,4,4,4,5,5,5,5,5,4,4,4,4,4,4,4,4,4,4
ACM,CM2,N,2,2,2,2,2,2,2,2,2,2,2,2,3,6,6,6,6,3,3,3,3,6,5,3,3,3,3,3,3,3,3,3,3,6,5,3,3,3,3,3,3,2,2,2,2,2,2,2
ACN,A14,S,4,4,4,4,4,4,4,4,4,4,4,4,4,5,5,5,5,4,4,4,4,5,5,4,4,5,5,4,4,4,4,4,4,5,5,5,5,5,4,4,4,4,4,4,4,4,4,4
ACN,CN2,N,2,2,2,2,2,2,2,2,2,2,2,2,3,6,6,6,6,3,3,3,3,6,5,3,3,3,3,3,3,3,3,3,3,6,5,3,3,3,3,3,3,2,2,2,2,2,2,2
AVC7,NAVC7,N,2,2,2,2,2,2,2,2,2,2,2,2,3,3,3,3,3,3,3,3,3,3,3,3,3,3,3,3,3,3,3,3,3,3,3,3,3,3,3,3,3,3,3,2,2,2,2,2
AGA,A23,N,2,2,2,2,2,2,2,2,2,2,2,2,2,2,2,2,2,2,2,2,2,2,2,2,2,2,2,2,2,2,2,2,2,2,2,2,2,2,2,2,2,2,2,2,2,2,2,2
AGA,GA24,N,2,2,2,2,2,2,2,2,2,2,2,2,2,2,2,2,2,2,2,2,2,2,2,2,2,2,2,2,2,2,2,2,2,2,2,2,2,2,2,2,2,2,2,2,2,2,2,2
AGC,A21,S,2,2,2,2,2,2,2,2,2,2,2,2,2,2,2,2,2,2,2,2,2,2,2,2,2,2,2,2,2,2,2,2,2,2,2,2,2,2,2,2,2,2,2,2,2,2,2,2
AGC,GC1,N,2,2,2,2,2,2,2,2,2,2,2,2,2,2,2,2,2,2,2,2,2,2,2,2,2,2,2,2,2,2,2,2,2,2,2,2,2,2,2,2,2,2,2,2,2,2,2,2
AGE,A31,N,2,2,2,2,2,2,2,2,2,2,2,2,2,2,2,2,2,2,2,2,2,2,2,2,2,2,2,2,2,2,2,2,2,2,2,2,2,2,2,2,2,2,2,2,2,2,2,2
AGE,GE1,N,2,2,2,2,2,2,2,2,2,2,2,2,3,6,6,6,6,3,3,3,3,6,5,3,3,3,3,3,3,3,3,3,3,3,3,3,3,3,3,3,3,3,3,2,2,2,2,2
AJ1,A37,N,1,1,1,1,1,1,1,1,1,1,1,1,1,1,1,1,1,1,1,1,1,1,1,1,1,1,1,1,1,1,1,1,1,1,1,1,1,1,1,1,1,1,1,1,1,1,1,1
AJ10,GB10,N,2,2,2,2,2,2,2,2,2,2,2,2,3,3,3,3,3,3,3,3,3,3,3,3,3,3,3,3,3,3,3,3,3,3,3,3,3,3,3,3,3,3,3,2,2,2,2,2
AJ2,A38,N,1,1,1,1,1,1,1,1,1,1,1,1,1,2,2,2,2,2,2,2,2,2,2,2,2,2,2,2,2,2,2,2,2,2,2,2,2,2,2,2,2,2,2,1,1,1,1,1
AJ2,AJ4,N,2,2,2,2,2,2,2,2,2,2,2,2,2,3,3,3,3,3,3,3,3,3,3,3,3,3,3,3,3,3,3,3,3,3,3,3,3,3,3,3,3,3,3,2,2,2,2,2
AJ3,AJ1,N,2,2,2,2,2,2,2,2,2,2,2,2,2,3,3,3,3,3,3,3,3,3,3,3,3,3,3,3,3,3,3,3,3,3,3,3,3,3,3,3,3,3,3,2,2,2,2,2
AJ3,PJC14,N,2,2,2,2,2,2,2,2,2,2,2,2,2,3,3,3,3,3,3,3,3,3,3,3,3,3,3,3,3,3,3,3,3,3,3,3,3,3,3,3,3,3,3,2,2,2,2,2
AJ4,AJ6,N,2,2,2,2,2,2,2,2,2,2,2,2,2,3,3,3,3,3,3,3,3,3,3,3,3,3,3,3,3,3,3,3,3,3,3,3,3,3,3,3,3,3,3,2,2,2,2,2
AJ4,PJC15,N,2,2,2,2,2,2,2,2,2,2,2,2,2,3,3,3,3,3,3,3,3,3,3,3,3,3,3,3,3,3,3,3,3,3,3,3,3,3,3,3,3,3,3,2,2,2,2,2
AJ5,AJ3,N,2,2,2,2,2,2,2,2,2,2,2,2,2,3,3,3,3,3,3,3,3,3,3,3,3,3,3,3,3,3,3,3,3,3,3,3,3,3,3,3,3,3,3,2,2,2,2,2
AJ5,SR8,N,2,2,2,2,2,2,2,2,2,2,2,2,2,3,3,3,3,3,3,3,3,3,3,3,3,3,3,3,3,3,3,3,3,3,3,3,3,3,3,3,3,3,3,2,2,2,2,2
AJ6,AJ8,N,2,2,2,2,2,2,2,2,2,2,2,2,2,3,3,3,3,3,3,3,3,3,3,3,3,3,3,3,3,3,3,3,3,3,3,3,3,3,3,3,3,3,3,2,2,2,2,2
AJ6,SR9,N,2,2,2,2,2,2,2,2,2,2,2,2,2,3,3,3,3,3,3,3,3,3,3,3,3,3,3,3,3,3,3,3,3,3,3,3,3,3,3,3,3,3,3,2,2,2,2,2
AJ7,AJ5,N,2,2,2,2,2,2,2,2,2,2,2,2,2,3,3,3,3,3,3,3,3,3,3,3,3,3,3,3,3,3,3,3,3,3,3,3,3,3,3,3,3,3,3,2,2,2,2,2
AJ7,H26,S,2,2,2,2,2,2,2,2,2,2,2,2,2,3,3,3,3,2,2,2,2,3,3,3,3,3,3,3,2,2,2,2,2,3,3,3,3,3,2,2,2,2,2,2,2,2,2,2
AJ8,AJ10,N,2,2,2,2,2,2,2,2,2,2,2,2,2,3,3,3,3,3,3,3,3,3,3,3,3,3,3,3,3,3,3,3,3,3,3,3,3,3,3,3,3,3,3,2,2,2,2,2
AJ8,H27,S,2,2,2,2,2,2,2,2,2,2,2,2,2,2,2,2,2,2,2,2,2,2,2,2,2,2,2,2,2,2,2,2,2,2,2,2,2,2,2,2,2,2,2,2,2,2,2,2
AJ9,AJ7,N,2,2,2,2,2,2,2,2,2,2,2,2,2,3,3,3,3,3,3,3,3,3,3,3,3,3,3,3,3,3,3,3,3,3,3,3,3,3,3,3,3,3,3,2,2,2,2,2
AJ9,GB9,N,2,2,2,2,2,2,2,2,2,2,2,2,2,3,3,3,3,3,3,3,3,3,3,3,3,3,3,3,3,3,3,3,3,3,3,3,3,3,3,3,3,3,3,2,2,2,2,2
AJLM,A25,N,2,2,2,2,2,2,2,2,2,2,2,2,2,2,2,2,2,2,2,2,2,2,2,2,2,2,2,2,2,2,2,2,2,2,2,2,2,2,2,2,2,2,2,2,2,2,2,2
AME,A27,N,2,2,2,2,2,2,2,2,2,2,2,2,2,2,2,2,2,2,2,2,2,2,2,2,2,2,2,2,2,2,2,2,2,2,2,2,2,2,2,2,2,2,2,2,2,2,2,2
AME,ME26,N,2,2,2,2,2,2,2,2,2,2,2,2,2,3,3,3,3,3,3,3,3,3,3,3,3,3,3,3,3,3,3,3,3,3,3,3,3,3,3,3,3,3,2,2,2,2,2,2
AMW,A2,S,2,2,2,2,2,2,2,2,2,2,2,2,2,2,2,2,2,2,2,2,2,2,2,2,2,2,2,2,2,2,2,2,2,2,2,2,2,2,2,2,2,2,2,2,2,2,2,2
AMW,MW2,N,2,2,2,2,2,2,2,2,2,2,2,2,3,6,6,6,6,3,3,3,3,6,5,3,3,3,3,3,3,3,3,3,3,6,5,3,3,3,3,3,3,3,3,2,2,2,2,2
APG,A33,N,2,2,2,2,2,2,2,2,2,2,2,2,2,2,2,2,2,2,2,2,2,2,2,2,2,2,2,2,2,2,2,2,2,2,2,2,2,2,2,2,2,2,2,2,2,2,2,2
APK,A19,S,2,2,2,2,2,2,2,2,2,2,2,2,2,2,2,2,2,2,2,2,2,2,2,2,2,2,2,2,2,2,2,2,2,2,2,2,2,2,2,2,2,2,2,2,2,2,2,2
APW,A35,N,2,2,2,2,2,2,2,2,2,2,2,2,2,2,2,2,2,2,2,2,2,2,2,2,2,2,2,2,2,2,2,2,2,2,2,2,2,2,2,2,2,2,2,2,2,2,2,2
APW,PW4,N,2,2,2,2,2,2,2,2,2,2,2,2,3,2,2,2,2,2,2,2,2,2,2,2,2,2,2,2,2,2,2,2,2,2,2,2,2,2,2,2,2,2,2,2,2,2,2,2
ATRP,A8,S,4,4,4,4,4,4,4,4,4,4,4,4,4,6,6,5,5,4,4,4,4,6,6,4,4,6,6,4,4,4,4,4,4,6,6,6,6,6,4,4,4,4,4,4,4,4,4,4
ATRP,TRP3,N,2,2,2,2,2,2,2,2,2,2,2,2,3,6,6,6,6,4,4,3,3,3,3,3,3,3,3,3,3,3,3,3,3,3,6,6,4,4,3,3,3,3,3,2,2,2,2,2
AV,A10,S,4,4,4,4,4,4,4,4,4,4,4,4,4,5,5,4,4,4,4,4,4,5,5,4,4,5,5,4,4,4,4,4,4,5,5,5,5,5,4,4,4,4,4,4,4,4,4,4
AV,V2,N,2,2,2,2,2,2,2,2,2,2,2,2,3,6,6,6,6,4,4,3,3,3,3,3,3,3,3,3,3,3,3,3,3,3,6,6,4,4,3,3,3,3,3,2,2,2,2,2
AVC1,ROSEX3,N,2,2,2,2,2,2,2,2,2,2,2,2,3,3,3,3,3,3,3,3,3,3,3,3,3,3,3,3,3,3,3,3,3,3,3,3,3,3,3,3,3,3,3,2,2,2,2,2
AVC10,CAL16,N,2,2,2,2,2,2,2,2,2,2,2,2,3,3,3,3,3,3,3,3,3,3,3,3,3,3,3,3,3,3,3,3,3,3,3,3,3,3,3,3,3,3,3,2,2,2,2,2
AVC10,NAVC14,N,2,2,2,2,2,2,2,2,2,2,2,2,3,3,3,3,3,3,3,3,3,3,3,3,3,3,3,3,3,3,3,3,3,3,3,3,3,3,3,3,3,3,3,2,2,2,2,2
ME16,AVC12,N,2,2,2,2,2,2,2,2,2,2,2,2,3,3,3,3,3,3,3,3,3,3,3,3,3,3,3,3,3,3,3,3,3,3,3,3,3,3,3,3,3,3,3,2,2,2,2,2
AVC11,NAVC5,N,2,2,2,2,2,2,2,2,2,2,2,2,3,3,3,3,3,3,3,3,3,3,3,3,3,3,3,3,3,3,3,3,3,3,3,3,3,3,3,3,3,3,3,2,2,2,2,2
AVC12,NAVC15,N,2,2,2,2,2,2,2,2,2,2,2,2,3,3,3,3,3,3,3,3,3,3,3,3,3,3,3,3,3,3,3,3,3,3,3,3,3,3,3,3,3,3,3,2,2,2,2,2
AVC13,JLM16,S,4,4,4,4,4,4,4,4,4,4,4,4,4,4,4,4,4,4,4,4,4,4,4,4,4,4,4,4,4,4,4,4,4,4,4,4,4,4,4,4,4,4,4,4,4,4,4,4
AVC13,NAVC4,N,2,2,2,2,2,2,2,2,2,2,2,2,3,3,3,3,3,3,3,3,3,3,3,3,3,3,3,3,3,3,3,3,3,3,3,3,3,3,3,3,3,3,3,2,2,2,2,2
AVC14,JLM16,N,2,2,2,2,2,2,2,2,2,2,2,2,3,3,3,3,3,3,3,3,3,3,3,3,3,3,3,3,3,3,3,3,3,3,3,3,3,3,3,3,3,3,3,2,2,2,2,2
AVC14,NAVC16,N,2,2,2,2,2,2,2,2,2,2,2,2,3,3,3,3,3,3,3,3,3,3,3,3,3,3,3,3,3,3,3,3,3,3,3,3,3,3,3,3,3,3,3,2,2,2,2,2
GA16,AVC16,N,2,2,2,2,2,2,2,2,2,2,2,2,3,3,3,3,3,3,3,3,3,3,3,3,3,3,3,3,3,3,3,3,3,3,3,3,3,3,3,3,3,3,3,2,2,2,2,2
AVC15,NAVC3,N,2,2,2,2,2,2,2,2,2,2,2,2,3,3,3,3,3,3,3,3,3,3,3,3,3,3,3,3,3,3,3,3,3,3,3,3,3,3,3,3,3,3,3,2,2,2,2,2
AVC16,NAVC17,N,2,2,2,2,2,2,2,2,2,2,2,2,3,3,3,3,3,3,3,3,3,3,3,3,3,3,3,3,3,3,3,3,3,3,3,3,3,3,3,3,3,3,3,2,2,2,2,2
AVC17,A16,S,4,4,4,4,4,4,4,4,4,4,4,4,4,4,4,4,4,4,4,4,4,4,4,4,4,4,4,4,4,4,4,4,4,4,4,4,4,4,4,4,4,4,4,4,4,4,4,4
AVC17,NAVC2,N,2,2,2,2,2,2,2,2,2,2,2,2,3,3,3,3,3,3,3,3,3,3,3,3,3,3,3,3,3,3,3,3,3,3,3,3,3,3,3,3,3,3,3,2,2,2,2,2
AVC18,A16,N,2,2,2,2,2,2,2,2,2,2,2,2,3,3,3,3,3,3,3,3,3,3,3,3,3,3,3,3,3,3,3,3,3,3,3,3,3,3,3,3,3,3,3,2,2,2,2,2
AVC18,NAVC18,N,2,2,2,2,2,2,2,2,2,2,2,2,3,3,3,3,3,3,3,3,3,3,3,3,3,3,3,3,3,3,3,3,3,3,3,3,3,3,3,3,3,3,3,2,2,2,2,2
AVC19,NAVC1,N,2,2,2,2,2,2,2,2,2,2,2,2,3,3,3,3,3,3,3,3,3,3,3,3,3,3,3,3,3,3,3,3,3,3,3,3,3,3,3,3,3,3,3,2,2,2,2,2
AVC2,NAVC10,N,2,2,2,2,2,2,2,2,2,2,2,2,3,3,3,3,3,3,3,3,3,3,3,3,3,3,3,3,3,3,3,3,3,3,3,3,3,3,3,3,3,3,3,2,2,2,2,2
AVC20,PYU1,N,2,2,2,2,2,2,2,2,2,2,2,2,3,3,3,3,3,3,3,3,3,3,3,3,3,3,3,3,3,3,3,3,3,3,3,3,3,3,3,3,3,3,3,2,2,2,2,2
H16,AVC4,N,2,2,2,2,2,2,2,2,2,2,2,2,2,2,2,2,2,2,2,2,2,2,2,2,2,2,2,2,2,2,2,2,2,2,2,2,2,2,2,2,2,2,2,2,2,2,2,2
AVC3,NAVC9,N,2,2,2,2,2,2,2,2,2,2,2,2,3,3,3,3,3,3,3,3,3,3,3,3,3,3,3,3,3,3,3,3,3,3,3,3,3,3,3,3,3,3,3,2,2,2,2,2
AVC4,NAVC11,N,2,2,2,2,2,2,2,2,2,2,2,2,3,3,3,3,3,3,3,3,3,3,3,3,3,3,3,3,3,3,3,3,3,3,3,3,3,3,3,3,3,3,3,2,2,2,2,2
AVC5,NAVC8,N,2,2,2,2,2,2,2,2,2,2,2,2,3,3,3,3,3,3,3,3,3,3,3,3,3,3,3,3,3,3,3,3,3,3,3,3,3,3,3,3,3,3,3,2,2,2,2,2
AVC5,I16,S,4,4,4,4,4,4,4,4,4,4,4,4,4,4,4,4,4,4,4,4,4,4,4,4,4,4,4,4,4,4,4,4,4,4,4,4,4,4,4,4,4,4,4,4,4,4,4,4
AVC6,I16,N,2,2,2,2,2,2,2,2,2,2,2,2,2,2,2,2,2,2,2,2,2,2,2,2,2,2,2,2,2,2,2,2,2,2,2,2,2,2,2,2,2,2,2,2,2,2,2,2
AVC6,NAVC12,N,2,2,2,2,2,2,2,2,2,2,2,2,3,3,3,3,3,3,3,3,3,3,3,3,3,3,3,3,3,3,3,3,3,3,3,3,3,3,3,3,3,3,3,2,2,2,2,2
LV16,AVC8,N,2,2,2,2,2,2,2,2,2,2,2,2,3,3,3,3,3,3,3,3,3,3,3,3,3,3,3,3,3,3,3,3,3,3,3,3,3,3,3,3,3,3,3,2,2,2,2,2
AVC8,NAVC13,N,2,2,2,2,2,2,2,2,2,2,2,2,3,3,3,3,3,3,3,3,3,3,3,3,3,3,3,3,3,3,3,3,3,3,3,3,3,3,3,3,3,3,3,2,2,2,2,2
AVC9,CAL16,S,4,4,4,4,4,4,4,4,4,4,4,4,4,4,4,4,4,4,4,4,4,4,4,4,4,4,4,4,4,4,4,4,4,4,4,4,4,4,4,4,4,4,4,4,4,4,4,4
AVC9,NAVC6,N,2,2,2,2,2,2,2,2,2,2,2,2,3,3,3,3,3,3,3,3,3,3,3,3,3,3,3,3,3,3,3,3,3,3,3,3,3,3,3,3,3,3,3,2,2,2,2,2
AVF1,AVC19,N,2,2,2,2,2,2,2,2,2,2,2,2,3,3,3,3,3,3,3,3,3,3,3,3,3,3,3,3,3,3,3,3,3,3,3,3,3,3,3,3,3,3,3,2,2,2,2,2
AVF10,AVF12,N,2,2,2,2,2,2,2,2,2,2,2,2,2,2,2,2,2,2,2,2,2,2,2,2,2,2,2,2,2,2,2,2,2,2,2,2,2,2,2,2,2,2,2,2,2,2,2,2
AVF10,TRP1,N,2,2,2,2,2,2,2,2,2,2,2,2,2,2,2,2,2,2,2,2,2,2,2,2,2,2,2,2,2,2,2,2,2,2,2,2,2,2,2,2,2,2,2,2,2,2,2,2
CM1,AVF12,N,2,2,2,2,2,2,2,2,2,2,2,2,2,2,2,2,2,2,2,2,2,2,2,2,2,2,2,2,2,2,2,2,2,2,2,2,2,2,2,2,2,2,2,2,2,2,2,2
AVF11,AVF9,N,2,2,2,2,2,2,2,2,2,2,2,2,2,2,2,2,2,2,2,2,2,2,2,2,2,2,2,2,2,2,2,2,2,2,2,2,2,2,2,2,2,2,2,2,2,2,2,2
AVF12,AVF14,N,2,2,2,2,2,2,2,2,2,2,2,2,2,2,2,2,2,2,2,2,2,2,2,2,2,2,2,2,2,2,2,2,2,2,2,2,2,2,2,2,2,2,2,2,2,2,2,2
AVF13,AVF11,N,2,2,2,2,2,2,2,2,2,2,2,2,2,2,2,2,2,2,2,2,2,2,2,2,2,2,2,2,2,2,2,2,2,2,2,2,2,2,2,2,2,2,2,2,2,2,2,2
AVF13,CC1,N,2,2,2,2,2,2,2,2,2,2,2,2,2,2,2,2,2,2,2,2,2,2,2,2,2,2,2,2,2,2,2,2,2,2,2,2,2,2,2,2,2,2,2,2,2,2,2,2
AVF14,CC1,N,2,2,2,2,2,2,2,2,2,2,2,2,2,2,2,2,2,2,2,2,2,2,2,2,2,2,2,2,2,2,2,2,2,2,2,2,2,2,2,2,2,2,2,2,2,2,2,2
AVF14,AVF16,N,2,2,2,2,2,2,2,2,2,2,2,2,2,2,2,2,2,2,2,2,2,2,2,2,2,2,2,2,2,2,2,2,2,2,2,2,2,2,2,2,2,2,2,2,2,2,2,2
AVF15,AVF13,N,2,2,2,2,2,2,2,2,2,2,2,2,2,2,2,2,2,2,2,2,2,2,2,2,2,2,2,2,2,2,2,2,2,2,2,2,2,2,2,2,2,2,2,2,2,2,2,2
AVF16,RCOS2,N,1,1,1,1,1,1,1,1,1,1,1,1,1,2,2,1,1,1,1,1,2,2,1,1,1,1,1,1,1,1,1,1,1,2,2,2,1,1,1,1,1,1,1,1,1,1,1,1
AVF2,AVF4,N,2,2,2,2,2,2,2,2,2,2,2,2,2,2,2,2,2,2,2,2,2,2,2,2,2,2,2,2,2,2,2,2,2,2,2,2,2,2,2,2,2,2,2,2,2,2,2,2
AVF3,AVF1,N,2,2,2,2,2,2,2,2,2,2,2,2,2,2,2,2,2,2,2,2,2,2,2,2,2,2,2,2,2,2,2,2,2,2,2,2,2,2,2,2,2,2,2,2,2,2,2,2
AVF4,AVF6,N,2,2,2,2,2,2,2,2,2,2,2,2,2,2,2,2,2,2,2,2,2,2,2,2,2,2,2,2,2,2,2,2,2,2,2,2,2,2,2,2,2,2,2,2,2,2,2,2
AVF5,AVF3,N,2,2,2,2,2,2,2,2,2,2,2,2,2,2,2,2,2,2,2,2,2,2,2,2,2,2,2,2,2,2,2,2,2,2,2,2,2,2,2,2,2,2,2,2,2,2,2,2
AVF5,VM1,N,2,2,2,2,2,2,2,2,2,2,2,2,2,2,2,2,2,2,2,2,2,2,2,2,2,2,2,2,2,2,2,2,2,2,2,2,2,2,2,2,2,2,2,2,2,2,2,2
AVF6,VM1,N,2,2,2,2,2,2,2,2,2,2,2,2,2,2,2,2,2,2,2,2,2,2,2,2,2,2,2,2,2,2,2,2,2,2,2,2,2,2,2,2,2,2,2,2,2,2,2,2
AVF6,AVF8,N,2,2,2,2,2,2,2,2,2,2,2,2,2,2,2,2,2,2,2,2,2,2,2,2,2,2,2,2,2,2,2,2,2,2,2,2,2,2,2,2,2,2,2,2,2,2,2,2
AVF7,AVF5,N,2,2,2,2,2,2,2,2,2,2,2,2,2,2,2,2,2,2,2,2,2,2,2,2,2,2,2,2,2,2,2,2,2,2,2,2,2,2,2,2,2,2,2,2,2,2,2,2
V1,AVF8,N,2,2,2,2,2,2,2,2,2,2,2,2,2,2,2,2,2,2,2,2,2,2,2,2,2,2,2,2,2,2,2,2,2,2,2,2,2,2,2,2,2,2,2,2,2,2,2,2
AVF8,AVF10,N,2,2,2,2,2,2,2,2,2,2,2,2,2,2,2,2,2,2,2,2,2,2,2,2,2,2,2,2,2,2,2,2,2,2,2,2,2,2,2,2,2,2,2,2,2,2,2,2
AVF9,AVF7,N,2,2,2,2,2,2,2,2,2,2,2,2,2,2,2,2,2,2,2,2,2,2,2,2,2,2,2,2,2,2,2,2,2,2,2,2,2,2,2,2,2,2,2,2,2,2,2,2
AVF9,TRP1,N,2,2,2,2,2,2,2,2,2,2,2,2,2,2,2,2,2,2,2,2,2,2,2,2,2,2,2,2,2,2,2,2,2,2,2,2,2,2,2,2,2,2,2,2,2,2,2,2
AVI10,AJ9,N,2,2,2,2,2,2,2,2,2,2,2,2,2,2,2,2,2,2,2,2,2,2,2,2,2,2,2,2,2,2,2,2,2,2,2,2,2,2,2,2,2,2,2,2,2,2,2,2
AVI10,NAVI13,N,2,2,2,2,2,2,2,2,2,2,2,2,3,3,3,3,3,3,3,3,3,3,3,3,3,3,3,3,3,3,3,3,3,3,3,3,3,3,3,3,3,3,3,2,2,2,2,2
AVI11,JM14,N,2,2,2,2,2,2,2,2,2,2,2,2,2,2,2,2,2,2,2,2,2,2,2,2,2,2,2,2,2,2,2,2,2,2,2,2,2,2,2,2,2,2,2,2,2,2,2,2
AVI11,NAVI12,N,2,2,2,2,2,2,2,2,2,2,2,2,3,3,3,3,3,3,3,3,3,3,3,3,3,3,3,3,3,3,3,3,3,3,3,3,3,3,3,3,3,3,3,2,2,2,2,2
AVI12,JM14,N,2,2,2,2,2,2,2,2,2,2,2,2,3,3,3,3,3,3,3,3,3,3,3,3,3,3,3,3,3,3,3,3,3,3,3,3,3,3,3,3,3,3,3,2,2,2,2,2
AVI12,NAVI23,N,2,2,2,2,2,2,2,2,2,2,2,2,3,3,3,3,3,3,3,3,3,3,3,3,3,3,3,3,3,3,3,3,3,3,3,3,3,3,3,3,3,3,3,2,2,2,2,2
GC16,AVI14,N,2,2,2,2,2,2,2,2,2,2,2,2,3,3,3,3,3,3,3,3,3,3,3,3,3,3,3,3,3,3,3,3,3,3,3,3,3,3,3,3,3,3,3,2,2,2,2,2
AVI13,NAVI11,N,2,2,2,2,2,2,2,2,2,2,2,2,3,3,3,3,3,3,3,3,3,3,3,3,3,3,3,3,3,3,3,3,3,3,3,3,3,3,3,3,3,3,3,2,2,2,2,2
AVI14,NAVI24,N,2,2,2,2,2,2,2,2,2,2,2,2,3,3,3,3,3,3,3,3,3,3,3,3,3,3,3,3,3,3,3,3,3,3,3,3,3,3,3,3,3,3,3,2,2,2,2,2
AVI15,NAVI10,N,2,2,2,2,2,2,2,2,2,2,2,2,3,3,3,3,3,3,3,3,3,3,3,3,3,3,3,3,3,3,3,3,3,3,3,3,3,3,3,3,3,3,3,2,2,2,2,2
AVI15,PK16,N,2,2,2,2,2,2,2,2,2,2,2,2,3,3,3,3,3,3,3,3,3,3,3,3,3,3,3,3,3,3,3,3,3,3,3,3,3,3,3,3,3,3,3,2,2,2,2,2
AVI16,PK16,N,2,2,2,2,2,2,2,2,2,2,2,2,2,2,2,2,2,2,2,2,2,2,2,2,2,2,2,2,2,2,2,2,2,2,2,2,2,2,2,2,2,2,2,2,2,2,2,2
AVI16,NAVI25,N,2,2,2,2,2,2,2,2,2,2,2,2,3,3,3,3,3,3,3,3,3,3,3,3,3,3,3,3,3,3,3,3,3,3,3,3,3,3,3,3,3,3,3,2,2,2,2,2
C18,AVI18,N,2,2,2,2,2,2,2,2,2,2,2,2,3,3,3,3,3,3,3,3,3,3,3,3,3,3,3,3,3,3,3,3,3,3,3,3,3,3,3,3,3,3,3,2,2,2,2,2
AVI17,NAVI9,N,2,2,2,2,2,2,2,2,2,2,2,2,3,3,3,3,3,3,3,3,3,3,3,3,3,3,3,3,3,3,3,3,3,3,3,3,3,3,3,3,3,3,3,2,2,2,2,2
AVI18,NAVI26,N,2,2,2,2,2,2,2,2,2,2,2,2,3,3,3,3,3,3,3,3,3,3,3,3,3,3,3,3,3,3,3,3,3,3,3,3,3,3,3,3,3,3,3,2,2,2,2,2
AVI19,MW18,N,2,2,2,2,2,2,2,2,2,2,2,2,2,2,2,2,2,2,2,2,2,2,2,2,2,2,2,2,2,2,2,2,2,2,2,2,2,2,2,2,2,2,2,2,2,2,2,2
AVI19,NAVI8,N,2,2,2,2,2,2,2,2,2,2,2,2,3,3,3,3,3,3,3,3,3,3,3,3,3,3,3,3,3,3,3,3,3,3,3,3,3,3,3,3,3,3,3,2,2,2,2,2
AVI2,NAVI17,N,2,2,2,2,2,2,2,2,2,2,2,2,3,3,3,3,3,3,3,3,3,3,3,3,3,3,3,3,3,3,3,3,3,3,3,3,3,3,3,3,3,3,3,2,2,2,2,2
AVI2,PJC19,N,2,2,2,2,2,2,2,2,2,2,2,2,3,3,3,3,3,3,3,3,3,3,3,3,3,3,3,3,3,3,3,3,3,3,3,3,3,3,3,3,3,3,3,2,2,2,2,2
AVI20,MW18,N,2,2,2,2,2,2,2,2,2,2,2,2,3,3,3,3,3,3,3,3,3,3,3,3,3,3,3,3,3,3,3,3,3,3,3,3,3,3,3,3,3,3,3,2,2,2,2,2
AVI20,NAVI27,N,2,2,2,2,2,2,2,2,2,2,2,2,3,3,3,3,3,3,3,3,3,3,3,3,3,3,3,3,3,3,3,3,3,3,3,3,3,3,3,3,3,3,3,2,2,2,2,2
CC18,AVI22,N,2,2,2,2,2,2,2,2,2,2,2,2,3,3,3,3,3,3,3,3,3,3,3,3,3,3,3,3,3,3,3,3,3,3,3,3,3,3,3,3,3,3,3,2,2,2,2,2
AVI21,NAVI7,N,2,2,2,2,2,2,2,2,2,2,2,2,3,3,3,3,3,3,3,3,3,3,3,3,3,3,3,3,3,3,3,3,3,3,3,3,3,3,3,3,3,3,3,2,2,2,2,2
AVI22,NAVI28,N,2,2,2,2,2,2,2,2,2,2,2,2,3,3,3,3,3,3,3,3,3,3,3,3,3,3,3,3,3,3,3,3,3,3,3,3,3,3,3,3,3,3,3,2,2,2,2,2
AVI23,CM18,N,2,2,2,2,2,2,2,2,2,2,2,2,2,2,2,2,2,2,2,2,2,2,2,2,2,2,2,2,2,2,2,2,2,2,2,2,2,2,2,2,2,2,2,2,2,2,2,2
AVI23,NAVI6,N,2,2,2,2,2,2,2,2,2,2,2,2,3,3,3,3,3,3,3,3,3,3,3,3,3,3,3,3,3,3,3,3,3,3,3,3,3,3,3,3,3,3,3,2,2,2,2,2
AVI24,CM18,N,2,2,2,2,2,2,2,2,2,2,2,2,3,3,3,3,3,3,3,3,3,3,3,3,3,3,3,3,3,3,3,3,3,3,3,3,3,3,3,3,3,3,3,2,2,2,2,2
AVI24,NAVI29,N,2,2,2,2,2,2,2,2,2,2,2,2,3,3,3,3,3,3,3,3,3,3,3,3,3,3,3,3,3,3,3,3,3,3,3,3,3,3,3,3,3,3,3,2,2,2,2,2
TRP18,AVI26,N,2,2,2,2,2,2,2,2,2,2,2,2,3,3,3,3,3,3,3,3,3,3,3,3,3,3,3,3,3,3,3,3,3,3,3,3,3,3,3,3,3,3,3,2,2,2,2,2
AVI25,NAVI5,N,2,2,2,2,2,2,2,2,2,2,2,2,3,3,3,3,3,3,3,3,3,3,3,3,3,3,3,3,3,3,3,3,3,3,3,3,3,3,3,3,3,3,3,2,2,2,2,2
AVI26,NAVI30,N,2,2,2,2,2,2,2,2,2,2,2,2,3,3,3,3,3,3,3,3,3,3,3,3,3,3,3,3,3,3,3,3,3,3,3,3,3,3,3,3,3,3,3,2,2,2,2,2
AVI27,NAVI4,N,2,2,2,2,2,2,2,2,2,2,2,2,3,3,3,3,3,3,3,3,3,3,3,3,3,3,3,3,3,3,3,3,3,3,3,3,3,3,3,3,3,3,3,2,2,2,2,2
AVI27,V18,N,2,2,2,2,2,2,2,2,2,2,2,2,3,3,3,3,3,3,3,3,3,3,3,3,3,3,3,3,3,3,3,3,3,3,3,3,3,3,3,3,3,3,3,2,2,2,2,2
AVI28,V18,N,2,2,2,2,2,2,2,2,2,2,2,2,3,3,3,3,3,3,3,3,3,3,3,3,3,3,3,3,3,3,3,3,3,3,3,3,3,3,3,3,3,3,3,2,2,2,2,2
AVI28,NAVI31,N,2,2,2,2,2,2,2,2,2,2,2,2,3,3,3,3,3,3,3,3,3,3,3,3,3,3,3,3,3,3,3,3,3,3,3,3,3,3,3,3,3,3,3,2,2,2,2,2
VM18,AVI30,N,2,2,2,2,2,2,2,2,2,2,2,2,3,3,3,3,3,3,3,3,3,3,3,3,3,3,3,3,3,3,3,3,3,3,3,3,3,3,3,3,3,3,3,2,2,2,2,2
AVI29,NAVI3,N,2,2,2,2,2,2,2,2,2,2,2,2,3,3,3,3,3,3,3,3,3,3,3,3,3,3,3,3,3,3,3,3,3,3,3,3,3,3,3,3,3,3,3,2,2,2,2,2
AVI3,PJC19,N,2,2,2,2,2,2,2,2,2,2,2,2,3,3,3,3,3,3,3,3,3,3,3,3,3,3,3,3,3,3,3,3,3,3,3,3,3,3,3,3,3,3,3,2,2,2,2,2
AVI3,NAVI19,N,2,2,2,2,2,2,2,2,2,2,2,2,3,3,3,3,3,3,3,3,3,3,3,3,3,3,3,3,3,3,3,3,3,3,3,3,3,3,3,3,3,3,3,2,2,2,2,2
AVI30,NAVI32,N,2,2,2,2,2,2,2,2,2,2,2,2,3,3,3,3,3,3,3,3,3,3,3,3,3,3,3,3,3,3,3,3,3,3,3,3,3,3,3,3,3,3,3,2,2,2,2,2
AVI31,CN18,N,2,2,2,2,2,2,2,2,2,2,2,2,2,2,2,2,2,2,2,2,2,2,2,2,2,2,2,2,2,2,2,2,2,2,2,2,2,2,2,2,2,2,2,2,2,2,2,2
AVI31,NAVI2,N,2,2,2,2,2,2,2,2,2,2,2,2,3,3,3,3,3,3,3,3,3,3,3,3,3,3,3,3,3,3,3,3,3,3,3,3,3,3,3,3,3,3,3,2,2,2,2,2
AVI32,CN18,N,2,2,2,2,2,2,2,2,2,2,2,2,3,3,3,3,3,3,3,3,3,3,3,3,3,3,3,3,3,3,3,3,3,3,3,3,3,3,3,3,3,3,3,2,2,2,2,2
AVI32,NAVI33,N,2,2,2,2,2,2,2,2,2,2,2,2,3,3,3,3,3,3,3,3,3,3,3,3,3,3,3,3,3,3,3,3,3,3,3,3,3,3,3,3,3,3,3,2,2,2,2,2
AVI33,NAVI1,N,2,2,2,2,2,2,2,2,2,2,2,2,3,3,3,3,3,3,3,3,3,3,3,3,3,3,3,3,3,3,3,3,3,3,3,3,3,3,3,3,3,3,3,2,2,2,2,2
AVI34,ROSEX1,N,2,2,2,2,2,2,2,2,2,2,2,2,4,4,4,4,4,4,4,4,4,4,4,4,4,4,4,4,4,4,4,4,4,4,4,4,4,4,4,4,4,4,4,2,2,2,2,2
SR10,AVI5,N,2,2,2,2,2,2,2,2,2,2,2,2,2,2,2,2,2,2,2,2,2,2,2,2,2,2,2,2,2,2,2,2,2,2,2,2,2,2,2,2,2,2,2,2,2,2,2,2
AVI4,NAVI16,N,2,2,2,2,2,2,2,2,2,2,2,2,3,3,3,3,3,3,3,3,3,3,3,3,3,3,3,3,3,3,3,3,3,3,3,3,3,3,3,3,3,3,3,2,2,2,2,2
AVI5,NAVI20,N,2,2,2,2,2,2,2,2,2,2,2,2,3,3,3,3,3,3,3,3,3,3,3,3,3,3,3,3,3,3,3,3,3,3,3,3,3,3,3,3,3,3,3,2,2,2,2,2
AVI6,NAVI15,N,2,2,2,2,2,2,2,2,2,2,2,2,3,3,3,3,3,3,3,3,3,3,3,3,3,3,3,3,3,3,3,3,3,3,3,3,3,3,3,3,3,3,3,2,2,2,2,2
AVI6,RC1,N,2,2,2,2,2,2,2,2,2,2,2,2,3,3,3,3,3,3,3,3,3,3,3,3,3,3,3,3,3,3,3,3,3,3,3,3,3,3,3,3,3,3,3,2,2,2,2,2
AVI7,RC1,N,2,2,2,2,2,2,2,2,2,2,2,2,3,3,3,3,3,3,3,3,3,3,3,3,3,3,3,3,3,3,3,3,3,3,3,3,3,3,3,3,3,3,3,2,2,2,2,2
AVI7,NAVI21,N,2,2,2,2,2,2,2,2,2,2,2,2,3,3,3,3,3,3,3,3,3,3,3,3,3,3,3,3,3,3,3,3,3,3,3,3,3,3,3,3,3,3,3,2,2,2,2,2
GB10,AVI9,N,2,2,2,2,2,2,2,2,2,2,2,2,3,3,3,3,3,3,3,3,3,3,3,3,3,3,3,3,3,3,3,3,3,3,3,3,3,3,3,3,3,3,3,2,2,2,2,2
AVI8,NAVI14,N,2,2,2,2,2,2,2,2,2,2,2,2,3,3,3,3,3,3,3,3,3,3,3,3,3,3,3,3,3,3,3,3,3,3,3,3,3,3,3,3,3,3,3,2,2,2,2,2
AVI9,NAVI22,N,2,2,2,2,2,2,2,2,2,2,2,2,3,3,3,3,3,3,3,3,3,3,3,3,3,3,3,3,3,3,3,3,3,3,3,3,3,3,3,3,3,3,3,2,2,2,2,2
AVM,A12,S,4,4,4,4,4,4,4,4,4,4,4,4,4,5,5,4,4,4,4,4,4,5,5,4,4,5,5,4,4,4,4,4,4,5,5,5,5,5,4,4,4,4,4,4,4,4,4,4
AVM,VM3,N,2,2,2,2,2,2,2,2,2,2,2,2,3,3,3,3,3,3,3,3,3,3,3,3,3,3,3,3,3,3,3,3,3,3,3,3,3,3,3,3,3,3,3,2,2,2,2,2
C10,CALC,N,2,2,2,2,2,2,2,2,2,2,2,2,3,3,3,3,3,3,3,3,3,3,3,3,3,3,3,3,3,3,3,3,3,3,3,3,3,3,3,3,3,2,2,2,2,2,2,2
C11,C12,N,2,2,2,2,2,2,2,2,2,2,2,2,3,3,3,3,3,3,3,3,3,3,3,3,3,3,3,3,3,3,3,3,3,3,3,3,3,3,3,3,3,2,2,2,2,2,2,2
C12,LVC,N,2,2,2,2,2,2,2,2,2,2,2,2,3,3,3,3,3,3,3,3,3,3,3,3,3,3,3,3,3,3,3,3,3,3,3,3,3,3,3,3,3,2,2,2,2,2,2,2
C13,C14,N,2,2,2,2,2,2,2,2,2,2,2,2,3,4,4,4,3,3,3,3,3,4,4,4,3,3,3,3,3,3,3,3,3,4,4,4,4,4,3,3,3,2,2,2,2,2,2,2
C14,IC,N,2,2,2,2,2,2,2,2,2,2,2,2,3,4,4,4,3,3,3,3,3,3,4,4,3,3,3,3,3,3,3,3,3,4,4,4,4,4,3,3,3,2,2,2,2,2,2,2
C15,C16,N,2,2,2,2,2,2,2,2,2,2,2,2,3,3,3,3,3,3,3,3,3,3,3,3,3,3,3,3,3,3,3,3,3,3,3,3,3,3,3,3,3,2,2,2,2,2,2,2
C16,HC,N,2,2,2,2,2,2,2,2,2,2,2,2,3,3,3,3,3,3,3,3,3,4,4,4,3,3,3,3,3,3,3,3,3,4,4,3,3,3,3,3,3,2,2,2,2,2,2,2
C17,C18,N,2,2,2,2,2,2,2,2,2,2,2,2,3,4,4,4,4,3,3,3,3,4,4,4,3,3,3,3,3,3,3,3,3,4,4,3,3,3,3,3,3,2,2,2,2,2,2,2
C18,AVI17,N,2,2,2,2,2,2,2,2,2,2,2,2,3,3,3,3,3,3,3,3,3,3,3,3,3,3,3,3,3,3,3,3,3,3,3,3,3,3,3,3,3,2,2,2,2,2,2,2
C3,C4,N,2,2,2,2,2,2,2,2,2,2,2,2,3,13,13,4,4,3,3,3,3,13,13,5,4,13,4,3,3,3,3,3,3,13,11,11,11,3,3,3,3,3,3,2,2,2,2,2
C4,GAC,N,2,2,2,2,2,2,2,2,2,2,2,2,3,13,13,3,3,3,3,3,3,13,13,4,4,13,4,3,3,3,3,3,3,13,11,11,11,3,3,3,3,3,3,2,2,2,2,2
C5,C6,N,2,2,2,2,2,2,2,2,2,2,2,2,3,13,13,4,3,3,3,3,3,13,13,4,4,13,4,3,3,3,3,3,3,13,11,11,11,3,3,3,3,3,3,2,2,2,2,2
C6,JLMC,N,2,2,2,2,2,2,2,2,2,2,2,2,3,13,13,4,3,3,3,3,3,13,13,4,4,13,4,3,3,3,3,3,3,13,11,11,11,3,3,3,3,3,3,2,2,2,2,2
C7,C8,N,2,2,2,2,2,2,2,2,2,2,2,2,3,11,11,4,3,3,3,3,3,11,11,3,3,11,4,3,3,3,3,3,3,11,7,7,7,3,3,3,3,3,3,2,2,2,2,2
C8,MEC,N,2,2,2,2,2,2,2,2,2,2,2,2,3,11,11,4,3,3,3,3,3,11,11,3,3,11,4,3,3,3,3,3,3,11,7,7,7,3,3,3,3,3,3,2,2,2,2,2
C9,C10,N,2,2,2,2,2,2,2,2,2,2,2,2,3,12,12,4,3,3,3,3,3,12,12,3,3,12,4,3,3,3,3,3,3,12,6,6,6,3,3,3,3,3,3,2,2,2,2,2
CAL1,CALC,S,4,4,4,4,4,4,4,4,4,4,4,4,4,5,5,5,5,4,4,4,4,5,5,4,4,4,4,4,4,4,4,4,4,5,5,4,4,4,4,4,4,4,4,4,4,4,4,4
CAL10,CAL9,S,4,4,4,4,4,4,4,4,4,4,4,4,4,5,5,5,5,4,4,4,4,5,5,4,4,4,4,4,4,4,4,4,4,5,5,4,4,4,4,4,4,4,4,4,4,4,4,4
CAL11,CALV,S,8,8,8,8,8,8,8,8,8,8,8,8,8,8,8,8,8,8,8,8,8,8,8,8,8,8,8,8,8,8,8,8,8,8,8,8,8,8,8,8,8,8,8,8,8,8,8,8
CAL12,CAL11,S,4,4,4,4,4,4,4,4,4,4,4,4,4,5,5,5,5,4,4,4,4,5,5,4,4,4,4,4,4,4,4,4,4,5,5,4,4,4,4,4,4,4,4,4,4,4,4,4
CAL13,CALVM,S,4,4,4,4,4,4,4,4,4,4,4,4,4,5,5,5,5,4,4,4,4,5,5,4,4,4,4,4,4,4,4,4,4,5,5,4,4,4,4,4,4,4,4,4,4,4,4,4
CAL14,CAL13,S,4,4,4,4,4,4,4,4,4,4,4,4,4,5,5,5,5,4,4,4,4,5,5,4,4,4,4,4,4,4,4,4,4,5,5,4,4,4,4,4,4,4,4,4,4,4,4,4
CAL15,CALCN,S,4,4,4,4,4,4,4,4,4,4,4,4,4,5,5,5,5,4,4,4,4,5,5,4,4,4,4,4,4,4,4,4,4,5,5,4,4,4,4,4,4,4,4,4,4,4,4,4
CAL16,CAL15,S,4,4,4,4,4,4,4,4,4,4,4,4,4,5,5,5,5,4,4,4,4,5,5,4,4,4,4,4,4,4,4,4,4,5,5,4,4,4,4,4,4,4,4,4,4,4,4,4
CAL17,CAL18,S,4,4,4,4,4,4,4,4,4,4,4,4,4,4,4,4,4,4,4,4,4,5,5,4,4,4,4,4,4,4,4,4,4,5,5,4,4,4,4,4,4,4,4,4,4,4,4,4
CAL18,CALPK,S,8,8,8,8,8,8,8,8,8,8,8,8,8,8,8,8,8,8,8,8,8,8,8,8,8,8,8,8,8,8,8,8,8,8,8,8,8,8,8,8,8,8,8,8,8,8,8,8
CAL19,CAL20,S,4,4,4,4,4,4,4,4,4,4,4,4,4,4,4,4,4,4,4,4,4,5,5,4,4,4,4,4,4,4,4,4,4,5,5,4,4,4,4,4,4,4,4,4,4,4,4,4
CAL2,CAL1,S,4,4,4,4,4,4,4,4,4,4,4,4,4,5,5,5,5,4,4,4,4,5,5,4,4,4,4,4,4,4,4,4,4,5,5,4,4,4,4,4,4,4,4,4,4,4,4,4
CAL20,CALGC,S,4,4,4,4,4,4,4,4,4,4,4,4,4,4,4,4,4,4,4,4,4,5,5,4,4,4,4,4,4,4,4,4,4,5,5,4,4,4,4,4,4,4,4,4,4,4,4,4
CAL21,CAL22,S,4,4,4,4,4,4,4,4,4,4,4,4,4,4,4,4,4,4,4,4,4,5,5,4,4,4,4,4,4,4,4,4,4,5,5,4,4,4,4,4,4,4,4,4,4,4,4,4
CAL22,CALJM,S,4,4,4,4,4,4,4,4,4,4,4,4,4,4,4,4,4,4,4,4,4,5,5,4,4,4,4,4,4,4,4,4,4,5,5,4,4,4,4,4,4,4,4,4,4,4,4,4
CAL23,CAL24,S,4,4,4,4,4,4,4,4,4,4,4,4,4,4,4,4,4,4,4,4,4,5,5,4,4,4,4,4,4,4,4,4,4,5,5,4,4,4,4,4,4,4,4,4,4,4,4,4
CAL24,CALSR,S,8,8,8,8,8,8,8,8,8,8,8,8,8,8,8,8,8,8,8,8,8,8,8,8,8,8,8,8,8,8,8,8,8,8,8,8,8,8,8,8,8,8,8,8,8,8,8,8
CAL25,CAL26,S,4,4,4,4,4,4,4,4,4,4,4,4,4,4,4,4,4,4,4,4,4,4,4,4,4,4,4,4,4,4,4,4,4,4,4,4,4,4,4,4,4,4,4,4,4,4,4,4
CAL26,CALPJC,S,4,4,4,4,4,4,4,4,4,4,4,4,4,4,4,4,4,4,4,4,4,4,4,4,4,4,4,4,4,4,4,4,4,4,4,4,4,4,4,4,4,4,4,4,4,4,4,4
CAL27,CAL28,S,3,3,3,3,3,3,3,3,3,3,3,3,3,3,3,3,3,3,3,3,3,3,3,3,3,3,3,3,3,3,3,3,3,3,3,3,3,3,3,3,3,3,3,3,3,3,3,3
CAL28,ACAL,S,4,4,4,4,4,4,4,4,4,4,4,4,4,4,4,4,4,4,4,4,4,4,4,4,4,4,4,4,4,4,4,4,4,4,4,4,4,4,4,4,4,4,4,4,4,4,4,4
CAL3,CALMW,S,4,4,4,4,4,4,4,4,4,4,4,4,4,6,6,5,5,4,4,4,4,6,6,5,5,6,6,4,4,4,4,4,4,6,6,5,5,5,4,4,4,4,4,4,4,4,4,4
CAL4,CAL3,S,4,4,4,4,4,4,4,4,4,4,4,4,4,6,6,5,5,4,4,4,4,6,6,5,5,6,6,4,4,4,4,4,4,6,6,5,5,5,4,4,4,4,4,4,4,4,4,4
CAL5,CALCC,S,8,8,8,8,8,8,8,8,8,8,8,8,8,12,12,8,8,8,8,8,8,12,12,10,10,12,12,8,8,8,8,8,8,12,12,12,12,12,8,8,8,8,8,8,8,8,8,8
CAL6,CAL5,S,4,4,4,4,4,4,4,4,4,4,4,4,4,6,6,4,4,4,4,4,4,6,6,5,5,6,6,4,4,4,4,4,4,6,6,5,5,5,4,4,4,4,4,4,4,4,4,4
CAL7,CALCM,S,4,4,4,4,4,4,4,4,4,4,4,4,4,5,5,4,4,4,4,4,4,5,5,4,5,5,4,4,4,4,4,4,4,5,5,5,4,4,4,4,4,4,4,4,4,4,4,4
CAL8,CAL7,S,4,4,4,4,4,4,4,4,4,4,4,4,4,5,5,4,4,4,4,4,4,5,5,4,5,5,4,4,4,4,4,4,4,5,5,5,4,4,4,4,4,4,4,4,4,4,4,4
CAL9,CALTRP,S,4,4,4,4,4,4,4,4,4,4,4,4,4,5,5,4,4,4,4,4,4,5,5,4,5,5,4,4,4,4,4,4,4,5,5,5,4,4,4,4,4,4,4,4,4,4,4,4
CALC,C11,N,2,2,2,2,2,2,2,2,2,2,2,2,3,13,13,4,3,3,3,3,3,3,3,3,3,3,3,3,3,3,3,3,3,3,3,3,3,3,3,3,3,3,3,2,2,2,2,2
CALC,CAL17,S,4,4,4,4,4,4,4,4,4,4,4,4,4,4,4,4,4,4,4,4,4,4,4,4,4,4,4,4,4,4,4,4,4,4,4,4,4,4,4,4,4,4,4,4,4,4,4,4
CALCC,CAL4,S,4,4,4,4,4,4,4,4,4,4,4,4,4,6,6,4,4,4,4,4,4,6,6,5,5,6,6,4,4,4,4,4,4,6,6,6,6,6,4,4,4,4,4,4,4,4,4,4
CALCC,CC11,N,2,2,2,2,2,2,2,2,2,2,2,2,3,13,13,4,3,3,3,3,3,3,3,3,3,3,3,3,3,3,3,3,3,3,3,3,3,3,3,3,3,3,3,2,2,2,2,2
CALCM,CAL6,S,4,4,4,4,4,4,4,4,4,4,4,4,4,6,6,4,4,4,4,4,4,6,6,5,5,6,6,4,4,4,4,4,4,6,6,6,6,6,4,4,4,4,4,4,4,4,4,4
CALCM,CM10,N,2,2,2,2,2,2,2,2,2,2,2,2,3,3,3,3,3,3,3,3,3,3,3,3,3,3,3,3,3,3,3,3,3,3,3,3,3,3,3,3,3,3,3,2,2,2,2,2
CALCN,CAL14,S,4,4,4,4,4,4,4,4,4,4,4,4,4,5,5,4,4,4,4,4,4,5,5,4,4,4,4,4,4,4,4,4,4,5,5,5,4,4,4,4,4,4,4,4,4,4,4,4
CALCN,CN10,N,2,2,2,2,2,2,2,2,2,2,2,2,3,3,3,3,3,3,3,3,3,3,3,3,3,3,3,3,3,3,3,3,3,3,3,3,3,3,3,3,3,3,3,2,2,2,2,2
CALGC,CAL21,S,4,4,4,4,4,4,4,4,4,4,4,4,4,5,5,4,4,4,4,4,4,5,5,4,4,4,4,4,4,4,4,4,4,5,5,5,4,4,4,4,4,4,4,4,4,4,4,4
CALGC,GC9,N,2,2,2,2,2,2,2,2,2,2,2,2,3,13,13,4,3,3,3,3,3,3,3,3,3,3,3,3,3,3,3,3,3,3,3,3,3,3,3,3,3,3,3,2,2,2,2,2
CALJM,CAL23,S,4,4,4,4,4,4,4,4,4,4,4,4,4,5,5,4,4,4,4,4,4,5,5,4,4,4,4,4,4,4,4,4,4,5,5,5,4,4,4,4,4,4,4,4,4,4,4,4
CALJM,JM6,N,2,2,2,2,2,2,2,2,2,2,2,2,3,11,11,4,3,3,3,3,3,3,3,3,3,3,3,3,3,3,3,3,3,3,3,3,3,3,3,3,3,3,3,2,2,2,2,2
CALMW,CAL2,S,4,4,4,4,4,4,4,4,4,4,4,4,4,5,5,4,4,4,4,4,4,5,5,4,4,4,4,4,4,4,4,4,4,5,5,5,4,4,4,4,4,4,4,4,4,4,4,4
CALMW,MW10,N,2,2,2,2,2,2,2,2,2,2,2,2,3,13,13,4,3,3,3,3,3,3,3,3,3,3,3,3,3,3,3,3,3,3,3,3,3,3,3,3,3,3,3,2,2,2,2,2
CALPJC,CAL27,S,4,4,4,4,4,4,4,4,4,4,4,4,4,5,5,4,4,4,4,4,4,5,5,4,4,4,4,4,4,4,4,4,4,5,5,5,4,4,4,4,4,4,4,4,4,4,4,4
CALPJC,PJC6,N,2,2,2,2,2,2,2,2,2,2,2,2,3,3,3,3,3,3,3,3,3,3,3,3,3,3,3,3,3,3,3,3,3,3,3,3,3,3,3,3,3,3,3,2,2,2,2,2
CALPK,CAL19,S,4,4,4,4,4,4,4,4,4,4,4,4,4,5,5,4,4,4,4,4,4,5,5,4,4,4,4,4,4,4,4,4,4,5,5,5,4,4,4,4,4,4,4,4,4,4,4,4
CALPK,PK8,N,2,2,2,2,2,2,2,2,2,2,2,2,3,13,13,4,3,3,3,3,3,3,3,3,3,3,3,3,3,3,3,3,3,3,3,3,3,3,3,3,3,3,3,2,2,2,2,2
CALSR,CAL25,S,4,4,4,4,4,4,4,4,4,4,4,4,4,5,5,4,4,4,4,4,4,5,5,4,4,4,4,4,4,4,4,4,4,5,5,5,4,4,4,4,4,4,4,4,4,4,4,4
CALSR,SR1,N,2,2,2,2,2,2,2,2,2,2,2,2,3,3,3,3,3,3,3,3,3,3,3,3,3,3,3,3,3,3,3,3,3,3,3,3,3,3,3,3,3,3,3,2,2,2,2,2
CALTRP,CAL8,S,4,4,4,4,4,4,4,4,4,4,4,4,4,5,5,4,4,4,4,4,4,5,5,4,4,4,4,4,4,4,4,4,4,5,5,5,4,4,4,4,4,4,4,4,4,4,4,4
CALTRP,TRP11,N,2,2,2,2,2,2,2,2,2,2,2,2,3,12,12,4,3,3,3,3,3,3,3,3,3,3,3,3,3,3,3,3,3,3,3,3,3,3,3,3,3,3,3,2,2,2,2,2
CALV,CAL10,S,4,4,4,4,4,4,4,4,4,4,4,4,4,5,5,4,4,4,4,4,4,5,5,4,4,4,4,4,4,4,4,4,4,5,5,5,4,4,4,4,4,4,4,4,4,4,4,4
CALV,V10,N,2,2,2,2,2,2,2,2,2,2,2,2,3,3,3,3,3,3,3,3,3,3,3,3,3,3,3,3,3,3,3,3,3,3,3,3,3,3,3,3,3,3,3,2,2,2,2,2
CALVM,CAL12,S,4,4,4,4,4,4,4,4,4,4,4,4,4,5,5,4,4,4,4,4,4,5,5,4,4,4,4,4,4,4,4,4,4,5,5,5,4,4,4,4,4,4,4,4,4,4,4,4
CALVM,VM11,N,2,2,2,2,2,2,2,2,2,2,2,2,3,3,3,3,3,3,3,3,3,3,3,3,3,3,3,3,3,3,3,3,3,3,3,3,3,3,3,3,3,3,3,2,2,2,2,2
CC1,CC2,N,2,2,2,2,2,2,2,2,2,2,2,2,3,3,3,3,3,3,3,3,3,3,3,3,3,3,3,3,3,3,3,3,3,3,3,3,3,3,3,3,3,3,3,2,2,2,2,2
CC10,CALCC,N,2,2,2,2,2,2,2,2,2,2,2,2,3,13,13,4,3,3,3,3,3,13,13,4,3,3,3,3,3,3,3,3,3,13,13,4,3,3,3,3,3,3,3,2,2,2,2,2
CC11,CC12,N,2,2,2,2,2,2,2,2,2,2,2,2,3,12,12,4,3,3,3,3,3,12,12,4,3,3,3,3,3,3,3,3,3,12,12,4,3,3,3,3,3,3,3,2,2,2,2,2
CC12,LVCC,N,2,2,2,2,2,2,2,2,2,2,2,2,3,11,11,4,3,3,3,3,3,11,11,4,3,3,3,3,3,3,3,3,3,11,11,4,3,3,3,3,3,3,3,2,2,2,2,2
CC13,CC14,N,2,2,2,2,2,2,2,2,2,2,2,2,3,4,4,4,3,3,3,3,3,4,4,4,3,3,3,3,3,3,3,3,3,4,4,4,3,3,3,3,3,3,3,2,2,2,2,2
CC14,ICC,N,2,2,2,2,2,2,2,2,2,2,2,2,3,3,3,3,3,3,3,3,3,3,3,3,3,3,3,3,3,3,3,3,3,3,3,3,3,3,3,3,3,3,3,2,2,2,2,2
CC15,CC16,N,2,2,2,2,2,2,2,2,2,2,2,2,3,3,3,3,3,3,3,3,3,3,3,3,3,3,3,3,3,3,3,3,3,3,3,3,3,3,3,3,3,3,3,2,2,2,2,2
CC16,HCC,N,2,2,2,2,2,2,2,2,2,2,2,2,3,3,3,3,3,3,3,3,3,3,3,3,3,3,3,3,3,3,3,3,3,3,3,3,3,3,3,3,3,3,3,2,2,2,2,2
CC17,CC18,N,2,2,2,2,2,2,2,2,2,2,2,2,3,3,3,3,3,3,3,3,3,3,3,3,3,3,3,3,3,3,3,3,3,3,3,3,3,3,3,3,3,3,3,2,2,2,2,2
CC18,AVI21,N,2,2,2,2,2,2,2,2,2,2,2,2,3,3,3,3,3,3,3,3,3,3,3,3,3,3,3,3,3,3,3,3,3,3,3,3,3,3,3,3,3,3,3,2,2,2,2,2
CC2,ACC,N,2,2,2,2,2,2,2,2,2,2,2,2,3,3,3,3,3,3,3,3,3,3,3,3,3,3,3,3,3,3,3,3,3,3,3,3,3,3,3,3,3,3,3,2,2,2,2,2
CC3,CC4,N,2,2,2,2,2,2,2,2,2,2,2,2,3,3,3,3,3,3,3,3,3,3,3,3,3,3,3,3,3,3,3,3,3,3,3,3,3,3,3,3,3,3,3,2,2,2,2,2
CC4,GACC,N,2,2,2,2,2,2,2,2,2,2,2,2,3,3,3,3,3,3,3,3,3,3,3,3,3,3,3,3,3,3,3,3,3,3,3,3,3,3,3,3,3,3,3,2,2,2,2,2
CC5,CC6,N,2,2,2,2,2,2,2,2,2,2,2,2,3,3,3,3,3,3,3,3,3,3,3,3,3,3,3,3,3,3,3,3,3,3,3,3,3,3,3,3,3,3,3,2,2,2,2,2
CC6,JLMCC,N,2,2,2,2,2,2,2,2,2,2,2,2,3,3,3,3,3,3,3,3,3,3,3,3,3,3,3,3,3,3,3,3,3,3,3,3,3,3,3,3,3,3,3,2,2,2,2,2
CC7,CC8,N,2,2,2,2,2,2,2,2,2,2,2,2,3,13,13,4,3,3,3,3,3,13,13,4,3,3,3,3,3,3,3,3,3,13,13,4,3,3,3,3,3,3,3,2,2,2,2,2
CC8,MECC,N,2,2,2,2,2,2,2,2,2,2,2,2,3,13,13,4,3,3,3,3,3,13,13,4,3,3,3,3,3,3,3,3,3,13,13,4,3,3,3,3,3,3,3,2,2,2,2,2
CC9,CC10,N,2,2,2,2,2,2,2,2,2,2,2,2,3,13,13,4,3,3,3,3,3,13,13,4,3,3,3,3,3,3,3,3,3,13,13,4,3,3,3,3,3,3,3,2,2,2,2,2
CLCPJC,PJC17,N,2,2,2,2,2,2,2,2,2,2,2,2,3,2,2,2,2,2,2,2,2,2,2,2,2,2,2,2,2,2,2,2,2,2,2,2,2,2,2,2,2,2,2,2,2,2,2,2
CM1,AVF11,N,2,2,2,2,2,2,2,2,2,2,2,2,2,2,2,2,2,2,2,2,2,2,2,2,2,2,2,2,2,2,2,2,2,2,2,2,2,2,2,2,2,2,2,2,2,2,2,2
CM10,CM9,N,2,2,2,2,2,2,2,2,2,2,2,2,3,13,13,4,3,3,3,3,3,13,13,4,3,3,3,3,3,3,3,3,3,13,13,4,3,3,3,3,3,3,3,2,2,2,2,2
CM11,CALCM,N,2,2,2,2,2,2,2,2,2,2,2,2,3,13,13,4,3,3,3,3,3,13,13,4,3,3,3,3,3,3,3,3,3,13,13,4,3,3,3,3,3,3,3,2,2,2,2,2
CM12,CM11,N,2,2,2,2,2,2,2,2,2,2,2,2,3,12,12,4,3,3,3,3,3,12,12,4,3,3,3,3,3,3,3,3,3,12,12,4,3,3,3,3,3,3,3,2,2,2,2,2
CM13,LVCM,N,2,2,2,2,2,2,2,2,2,2,2,2,3,3,3,3,3,3,3,3,3,3,3,3,3,3,3,3,3,3,3,3,3,3,3,3,3,3,3,3,3,3,3,2,2,2,2,2
CM14,CM13,N,2,2,2,2,2,2,2,2,2,2,2,2,3,4,4,4,4,3,3,3,3,3,4,4,3,3,3,3,3,3,3,3,3,4,4,3,3,3,3,3,3,3,3,2,2,2,2,2
CM15,ICM,N,2,2,2,2,2,2,2,2,2,2,2,2,3,3,3,3,3,3,3,3,3,3,3,3,3,3,3,3,3,3,3,3,3,3,3,3,3,3,3,3,3,3,3,2,2,2,2,2
CM16,CM15,N,2,2,2,2,2,2,2,2,2,2,2,2,3,4,4,4,4,3,3,3,3,3,4,4,3,3,3,3,3,3,3,3,3,4,4,3,3,3,3,3,3,3,3,2,2,2,2,2
CM17,HCM,N,2,2,2,2,2,2,2,2,2,2,2,2,3,3,3,3,3,3,3,3,3,3,3,3,3,3,3,3,3,3,3,3,3,3,3,3,3,3,3,3,3,3,3,2,2,2,2,2
CM18,CM17,N,2,2,2,2,2,2,2,2,2,2,2,2,3,4,4,4,4,3,3,3,3,3,4,4,3,3,3,3,3,3,3,3,3,4,4,3,3,3,3,3,3,3,3,2,2,2,2,2
CM2,CM1,N,2,2,2,2,2,2,2,2,2,2,2,2,3,11,11,4,3,3,3,3,3,11,11,4,3,3,3,3,3,3,3,3,3,3,3,3,3,3,3,3,3,3,3,2,2,2,2,2
CM3,ACM,N,2,2,2,2,2,2,2,2,2,2,2,2,3,12,12,4,3,3,3,3,3,12,12,4,3,3,3,3,3,3,3,3,3,3,3,3,3,3,3,3,3,3,3,2,2,2,2,2
CM4,CM3,N,2,2,2,2,2,2,2,2,2,2,2,2,3,12,12,4,3,3,3,3,3,12,12,4,3,3,3,3,3,3,3,3,3,3,3,3,3,3,3,3,3,3,3,2,2,2,2,2
CM5,GACM,N,2,2,2,2,2,2,2,2,2,2,2,2,3,11,11,4,3,3,3,3,3,11,11,4,3,3,3,3,3,3,3,3,3,3,3,3,3,3,3,3,3,3,3,2,2,2,2,2
CM6,CM5,N,2,2,2,2,2,2,2,2,2,2,2,2,3,11,11,4,3,3,3,3,3,11,11,4,3,3,3,3,3,3,3,3,3,3,3,3,3,3,3,3,3,3,3,2,2,2,2,2
CM7,JLMCM,N,2,2,2,2,2,2,2,2,2,2,2,2,3,12,12,4,3,3,3,3,3,12,12,4,3,3,3,3,3,3,3,3,3,3,3,3,3,3,3,3,3,3,3,2,2,2,2,2
CM8,CM7,N,2,2,2,2,2,2,2,2,2,2,2,2,3,13,13,4,3,3,3,3,3,13,13,4,3,3,3,3,3,3,3,3,3,3,3,3,3,3,3,3,3,3,3,2,2,2,2,2
CM9,MECM,N,2,2,2,2,2,2,2,2,2,2,2,2,3,13,13,4,3,3,3,3,3,13,13,4,3,3,3,3,3,3,3,3,3,3,3,3,3,3,3,3,3,3,3,2,2,2,2,2
CN1,AVF3,N,2,2,2,2,2,2,2,2,2,2,2,2,3,2,2,2,2,2,2,2,2,2,2,2,2,2,2,2,2,2,2,2,2,2,2,2,2,2,2,2,2,2,2,2,2,2,2,2
CN1,AVF4,N,2,2,2,2,2,2,2,2,2,2,2,2,3,2,2,2,2,2,2,2,2,2,2,2,2,2,2,2,2,2,2,2,2,2,2,2,2,2,2,2,2,2,2,2,2,2,2,2
CN10,CN9,N,2,2,2,2,2,2,2,2,2,2,2,2,3,3,3,3,3,3,3,3,3,3,3,3,3,3,3,3,3,3,3,3,3,3,3,3,3,3,3,3,3,3,3,2,2,2,2,2
CN11,CALCN,N,2,2,2,2,2,2,2,2,2,2,2,2,3,3,3,3,3,3,3,3,3,3,3,3,3,3,3,3,3,3,3,3,3,3,3,3,3,3,3,3,3,3,3,2,2,2,2,2
CN12,CN11,N,2,2,2,2,2,2,2,2,2,2,2,2,3,3,3,3,3,3,3,3,3,3,3,3,3,3,3,3,3,3,3,3,3,3,3,3,3,3,3,3,3,3,3,2,2,2,2,2
CN13,LVCN,N,2,2,2,2,2,2,2,2,2,2,2,2,3,3,3,3,3,3,3,3,3,3,3,3,3,3,3,3,3,3,3,3,3,3,3,3,3,3,3,3,3,3,3,2,2,2,2,2
CN14,CN13,N,2,2,2,2,2,2,2,2,2,2,2,2,3,3,3,3,3,3,3,3,3,3,3,3,3,3,3,3,3,3,3,3,3,3,3,3,3,3,3,3,3,3,3,2,2,2,2,2
CN15,ICN,N,2,2,2,2,2,2,2,2,2,2,2,2,3,3,3,3,3,3,3,3,3,3,3,3,3,3,3,3,3,3,3,3,3,3,3,3,3,3,3,3,3,3,3,2,2,2,2,2
CN16,CN15,N,2,2,2,2,2,2,2,2,2,2,2,2,3,3,3,3,3,3,3,3,3,3,3,3,3,3,3,3,3,3,3,3,3,3,3,3,3,3,3,3,3,3,3,2,2,2,2,2
CN17,HCN,N,2,2,2,2,2,2,2,2,2,2,2,2,3,3,3,3,3,3,3,3,3,3,3,3,3,3,3,3,3,3,3,3,3,3,3,3,3,3,3,3,3,3,3,2,2,2,2,2
CN18,CN17,N,2,2,2,2,2,2,2,2,2,2,2,2,3,3,3,3,3,3,3,3,3,3,3,3,3,3,3,3,3,3,3,3,3,3,3,3,3,3,3,3,3,3,3,2,2,2,2,2
CN2,CN1,N,2,2,2,2,2,2,2,2,2,2,2,2,3,3,3,3,3,3,3,3,3,3,3,3,3,3,3,3,3,3,3,3,3,3,3,3,3,3,3,3,3,3,3,2,2,2,2,2
CN3,ACN,N,2,2,2,2,2,2,2,2,2,2,2,2,3,3,3,3,3,3,3,3,3,3,3,3,3,3,3,3,3,3,3,3,3,3,3,3,3,3,3,3,3,3,3,2,2,2,2,2
CN4,CN3,N,2,2,2,2,2,2,2,2,2,2,2,2,3,3,3,3,3,3,3,3,3,3,3,3,3,3,3,3,3,3,3,3,3,3,3,3,3,3,3,3,3,3,3,2,2,2,2,2
CN5,GACN,N,2,2,2,2,2,2,2,2,2,2,2,2,3,3,3,3,3,3,3,3,3,3,3,3,3,3,3,3,3,3,3,3,3,3,3,3,3,3,3,3,3,3,3,2,2,2,2,2
CN6,CN5,N,2,2,2,2,2,2,2,2,2,2,2,2,3,3,3,3,3,3,3,3,3,3,3,3,3,3,3,3,3,3,3,3,3,3,3,3,3,3,3,3,3,3,3,2,2,2,2,2
CN7,JLMCN,N,2,2,2,2,2,2,2,2,2,2,2,2,3,3,3,3,3,3,3,3,3,3,3,3,3,3,3,3,3,3,3,3,3,3,3,3,3,3,3,3,3,3,3,2,2,2,2,2
CN8,CN7,N,2,2,2,2,2,2,2,2,2,2,2,2,3,3,3,3,3,3,3,3,3,3,3,3,3,3,3,3,3,3,3,3,3,3,3,3,3,3,3,3,3,3,3,2,2,2,2,2
CN9,MECN,N,2,2,2,2,2,2,2,2,2,2,2,2,3,3,3,3,3,3,3,3,3,3,3,3,3,3,3,3,3,3,3,3,3,3,3,3,3,3,3,3,3,3,3,2,2,2,2,2
GA1,GA2,S,4,4,4,4,4,4,4,4,4,4,4,4,4,5,5,5,4,4,4,4,4,5,5,4,4,4,4,4,4,4,4,4,4,5,5,5,4,4,4,4,4,4,4,4,4,4,4,4
GA10,GAV,S,4,4,4,4,4,4,4,4,4,4,4,4,4,5,5,5,4,4,4,4,4,4,4,4,4,4,4,4,4,4,4,4,4,4,4,4,4,4,4,4,4,4,4,4,4,4,4,4
GA11,GA12,S,4,4,4,4,4,4,4,4,4,4,4,4,4,5,5,5,4,4,4,4,4,4,4,4,4,4,4,4,4,4,4,4,4,4,4,4,4,4,4,4,4,4,4,4,4,4,4,4
GA12,GAVM,S,8,8,8,8,8,8,8,8,8,8,8,8,8,10,10,10,8,8,8,8,8,10,10,8,8,8,8,8,8,8,8,8,8,10,10,10,8,8,8,8,8,8,8,8,8,8,8,8
GA13,GA14,S,4,4,4,4,4,4,4,4,4,4,4,4,4,4,4,4,4,4,4,4,4,4,4,4,4,4,4,4,4,4,4,4,4,4,4,4,4,4,4,4,4,4,4,4,4,4,4,4
GA14,GACN,S,4,4,4,4,4,4,4,4,4,4,4,4,4,4,4,4,4,4,4,4,4,4,4,4,4,4,4,4,4,4,4,4,4,4,4,4,4,4,4,4,4,4,4,4,4,4,4,4
GA15,GA16,S,4,4,4,4,4,4,4,4,4,4,4,4,4,5,5,5,5,5,4,4,4,5,5,5,5,5,4,4,4,4,4,4,4,5,5,5,5,5,4,4,4,4,4,4,4,4,4,4
GA16,AVC15,S,6,6,6,6,6,6,6,6,6,6,6,6,6,6,6,6,6,6,6,6,6,6,6,6,6,6,6,6,6,6,6,6,6,6,6,6,6,6,6,6,6,6,6,6,6,6,6,6
GA17,GAC,S,8,8,8,8,8,8,8,8,8,8,8,8,8,12,12,8,8,8,8,8,8,12,12,12,8,8,8,8,8,8,8,8,12,12,12,8,8,8,8,8,8,8,8,8,8,8,8,8
GA18,GA17,S,4,4,4,4,4,4,4,4,4,4,4,4,4,6,6,6,5,4,4,4,4,6,6,6,5,4,4,4,4,4,4,4,6,6,6,5,4,4,4,4,4,4,4,4,4,4,4,4
GA19,GAPK,S,4,4,4,4,4,4,4,4,4,4,4,4,4,5,5,5,4,4,4,4,4,5,5,5,4,4,4,4,4,4,4,4,5,5,5,4,4,4,4,4,4,4,4,4,4,4,4,4
GA2,GAMW,S,4,4,4,4,4,4,4,4,4,4,4,4,4,5,5,5,4,4,4,4,4,5,5,5,4,4,4,4,4,4,4,4,5,5,5,4,4,4,4,4,4,4,4,4,4,4,4,4
GA20,GA19,S,4,4,4,4,4,4,4,4,4,4,4,4,4,4,4,4,4,4,4,4,4,4,4,4,4,4,4,4,4,4,4,4,4,4,4,4,4,4,4,4,4,4,4,4,4,4,4,4
GA21,GAGC,S,3,3,3,3,3,3,3,3,3,3,3,3,3,3,3,3,3,3,3,3,3,3,3,3,3,3,3,3,3,3,3,3,3,3,3,3,3,3,3,3,3,3,3,3,3,3,3,3
GA22,GA21,S,3,3,3,3,3,3,3,3,3,3,3,3,3,3,3,3,3,3,3,3,3,3,3,3,3,3,3,3,3,3,3,3,3,3,3,3,3,3,3,3,3,3,3,3,3,3,3,3
GA23,GAPJC,N,2,2,2,2,2,2,2,2,2,2,2,2,2,2,2,2,2,2,2,2,2,2,2,2,2,2,2,2,2,2,2,2,2,2,2,2,2,2,2,2,2,2,2,2,2,2,2,2
GA24,GA23,N,2,2,2,2,2,2,2,2,2,2,2,2,2,2,2,2,2,2,2,2,2,2,2,2,2,2,2,2,2,2,2,2,2,2,2,2,2,2,2,2,2,2,2,2,2,2,2,2
GA3,GA4,S,4,4,4,4,4,4,4,4,4,4,4,4,4,5,5,5,4,4,4,4,4,5,5,5,4,4,4,4,4,4,4,4,5,5,5,4,4,4,4,4,4,4,4,4,4,4,4,4
GA4,GACC,S,4,4,4,4,4,4,4,4,4,4,4,4,4,4,4,4,4,4,4,4,4,4,4,4,4,4,4,4,4,4,4,4,4,4,4,4,4,4,4,4,4,4,4,4,4,4,4,4
GA5,GA6,S,4,4,4,4,4,4,4,4,4,4,4,4,4,6,6,6,4,4,4,4,4,6,6,6,4,4,4,4,4,4,4,4,4,6,6,6,6,6,4,4,4,4,4,4,4,4,4,4
GA6,GACM,S,8,8,8,8,8,8,8,8,8,8,8,8,8,12,12,12,8,8,8,8,8,12,12,12,8,8,8,8,8,8,8,8,8,10,10,10,10,10,8,8,8,8,8,8,8,8,8,8
GA7,GA8,S,4,4,4,4,4,4,4,4,4,4,4,4,4,5,5,5,4,4,4,4,4,5,5,5,4,4,4,4,4,4,4,4,4,5,5,5,5,5,4,4,4,4,4,4,4,4,4,4
GA8,GATRP,S,4,4,4,4,4,4,4,4,4,4,4,4,4,4,4,4,4,4,4,4,4,4,4,4,4,4,4,4,4,4,4,4,4,4,4,4,4,4,4,4,4,4,4,4,4,4,4,4
GA9,GA10,S,6,6,6,6,6,6,6,6,6,6,6,6,6,6,6,6,6,6,6,6,6,6,6,6,6,6,6,6,6,6,6,6,6,6,6,6,6,6,6,6,6,6,6,6,6,6,6,6
GAC,C5,N,2,2,2,2,2,2,2,2,2,2,2,2,3,12,12,4,3,3,3,3,3,12,12,4,3,3,3,3,3,3,3,3,3,12,12,4,3,3,3,3,3,3,3,2,2,2,2,2
GAC,GA1,S,4,4,4,4,4,4,4,4,4,4,4,4,4,4,4,4,4,4,4,4,4,4,4,4,4,4,4,4,4,4,4,4,4,4,4,4,4,4,4,4,4,4,4,4,4,4,4,4
GACC,CC5,N,2,2,2,2,2,2,2,2,2,2,2,2,3,3,3,3,3,3,3,3,3,3,3,3,3,3,3,3,3,3,3,3,3,3,3,3,3,3,3,3,3,3,3,2,2,2,2,2
GACC,GA5,S,4,4,4,4,4,4,4,4,4,4,4,4,4,5,5,5,4,4,4,4,4,5,5,5,4,4,4,4,4,4,4,4,4,5,5,5,5,5,4,4,4,4,4,4,4,4,4,4
GACM,CM4,N,2,2,2,2,2,2,2,2,2,2,2,2,3,3,3,3,3,3,3,3,3,3,3,3,3,3,3,3,3,3,3,3,3,3,3,3,3,3,3,3,3,3,3,2,2,2,2,2
GACM,GA7,S,4,4,4,4,4,4,4,4,4,4,4,4,4,4,4,4,4,4,4,4,4,4,4,4,4,4,4,4,4,4,4,4,4,4,4,4,4,4,4,4,4,4,4,4,4,4,4,4
GACN,CN4,N,2,2,2,2,2,2,2,2,2,2,2,2,3,3,3,3,3,3,3,3,3,3,3,3,3,3,3,3,3,3,3,3,3,3,3,3,3,3,3,3,3,3,3,2,2,2,2,2
GACN,GA15,S,4,4,4,4,4,4,4,4,4,4,4,4,4,5,5,5,4,4,4,4,4,5,5,4,4,5,4,4,4,4,4,4,4,4,5,5,5,5,4,4,4,4,4,4,4,4,4,4
GAGC,GA20,S,4,4,4,4,4,4,4,4,4,4,4,4,4,4,4,4,4,4,4,4,4,4,4,4,4,4,4,4,4,4,4,4,4,4,4,4,4,4,4,4,4,4,4,4,4,4,4,4
GAGC,GC3,N,2,2,2,2,2,2,2,2,2,2,2,2,3,3,3,3,3,3,3,3,3,3,3,3,3,3,3,3,3,3,3,3,3,3,3,3,3,3,3,3,3,3,3,2,2,2,2,2
GAMW,GA3,S,4,4,4,4,4,4,4,4,4,4,4,4,4,4,4,4,4,4,4,4,4,4,4,4,4,4,4,4,4,4,4,4,4,4,4,4,4,4,4,4,4,4,4,4,4,4,4,4
GAMW,MW4,N,2,2,2,2,2,2,2,2,2,2,2,2,3,3,3,3,3,3,3,3,3,3,3,3,3,3,3,3,3,3,3,3,3,3,3,3,3,3,3,3,3,3,3,2,2,2,2,2
GAPJC,GA22,S,3,3,3,3,3,3,3,3,3,3,3,3,3,3,3,3,3,3,3,3,3,3,3,3,3,3,3,3,3,3,3,3,3,3,3,3,3,3,3,3,3,3,3,3,3,3,3,3
GAPK,GA18,S,4,4,4,4,4,4,4,4,4,4,4,4,4,4,4,4,4,4,4,4,4,4,4,4,4,4,4,4,4,4,4,4,4,4,4,4,4,4,4,4,4,4,4,4,4,4,4,4
GAPK,PK2,N,2,2,2,2,2,2,2,2,2,2,2,2,3,3,3,3,3,3,3,3,3,3,3,3,3,3,3,3,3,3,3,3,3,3,3,3,3,3,3,3,3,3,3,2,2,2,2,2
GATRP,GA9,S,4,4,4,4,4,4,4,4,4,4,4,4,4,5,5,5,4,4,4,4,4,5,5,4,5,5,5,4,4,4,4,4,4,5,5,5,5,4,4,4,4,4,4,4,4,4,4,4
GATRP,TRP5,N,2,2,2,2,2,2,2,2,2,2,2,2,3,3,3,3,3,3,3,3,3,3,3,3,3,3,3,3,3,3,3,3,3,3,3,3,3,3,3,3,3,3,3,2,2,2,2,2
GAV,GA11,S,4,4,4,4,4,4,4,4,4,4,4,4,4,4,4,4,4,4,4,4,4,4,4,4,4,4,4,4,4,4,4,4,4,4,4,4,4,4,4,4,4,4,4,4,4,4,4,4
GAV,V4,N,2,2,2,2,2,2,2,2,2,2,2,2,3,3,3,3,3,3,3,3,3,3,3,3,3,3,3,3,3,3,3,3,3,3,3,3,3,3,3,3,3,3,3,2,2,2,2,2
GAVM,GA13,S,4,4,4,4,4,4,4,4,4,4,4,4,4,4,4,4,4,4,4,4,4,4,4,4,4,4,4,4,4,4,4,4,4,4,4,4,4,4,4,4,4,4,4,4,4,4,4,4
GAVM,VM5,N,2,2,2,2,2,2,2,2,2,2,2,2,3,3,3,3,3,3,3,3,3,3,3,3,3,3,3,3,3,3,3,3,3,3,3,3,3,3,3,3,3,3,3,2,2,2,2,2
GB1,GB2,N,2,2,2,2,2,2,2,2,2,2,2,2,2,2,2,2,2,2,2,2,2,2,2,2,2,2,2,2,2,2,2,2,2,2,2,2,2,2,2,2,2,2,2,2,2,2,2,2
GB10,AVI8,N,2,2,2,2,2,2,2,2,2,2,2,2,2,2,2,2,2,2,2,2,2,2,2,2,2,2,2,2,2,2,2,2,2,2,2,2,2,2,2,2,2,2,2,2,2,2,2,2
GB2,LVGB,N,2,2,2,2,2,2,2,2,2,2,2,2,2,2,2,2,2,2,2,2,2,2,2,2,2,2,2,2,2,2,2,2,2,2,2,2,2,2,2,2,2,2,2,2,2,2,2,2
GB3,GB4,N,2,2,2,2,2,2,2,2,2,2,2,2,2,2,2,2,2,2,2,2,2,2,2,2,2,2,2,2,2,2,2,2,2,2,2,2,2,2,2,2,2,2,2,2,2,2,2,2
GB4,IGB,N,2,2,2,2,2,2,2,2,2,2,2,2,2,2,2,2,2,2,2,2,2,2,2,2,2,2,2,2,2,2,2,2,2,2,2,2,2,2,2,2,2,2,2,2,2,2,2,2
GB5,GB6,N,2,2,2,2,2,2,2,2,2,2,2,2,2,2,2,2,2,2,2,2,2,2,2,2,2,2,2,2,2,2,2,2,2,2,2,2,2,2,2,2,2,2,2,2,2,2,2,2
GB6,HGB,N,2,2,2,2,2,2,2,2,2,2,2,2,2,2,2,2,2,2,2,2,2,2,2,2,2,2,2,2,2,2,2,2,2,2,2,2,2,2,2,2,2,2,2,2,2,2,2,2
GB7,GB8,N,2,2,2,2,2,2,2,2,2,2,2,2,2,2,2,2,2,2,2,2,2,2,2,2,2,2,2,2,2,2,2,2,2,2,2,2,2,2,2,2,2,2,2,2,2,2,2,2
GB8,AJ9,N,2,2,2,2,2,2,2,2,2,2,2,2,2,2,2,2,2,2,2,2,2,2,2,2,2,2,2,2,2,2,2,2,2,2,2,2,2,2,2,2,2,2,2,2,2,2,2,2
GB9,AJ10,N,2,2,2,2,2,2,2,2,2,2,2,2,2,2,2,2,2,2,2,2,2,2,2,2,2,2,2,2,2,2,2,2,2,2,2,2,2,2,2,2,2,2,2,2,2,2,2,2
GC1,GC2,N,2,2,2,2,2,2,2,2,2,2,2,2,3,3,3,3,3,3,3,3,3,3,3,3,3,3,3,3,3,3,3,3,3,3,3,3,3,3,3,3,3,3,3,2,2,2,2,2
GC10,LVGC,N,2,2,2,2,2,2,2,2,2,2,2,2,3,4,4,4,3,3,3,3,3,4,4,3,3,4,4,3,3,3,3,3,3,4,4,3,3,3,3,3,3,3,3,2,2,2,2,2
GC11,GC12,N,2,2,2,2,2,2,2,2,2,2,2,2,3,3,3,3,3,3,3,3,3,3,3,3,3,3,3,3,3,3,3,3,3,3,3,3,3,3,3,3,3,3,3,2,2,2,2,2
GC12,IGC,N,2,2,2,2,2,2,2,2,2,2,2,2,3,3,3,3,3,3,3,3,3,3,3,3,3,3,3,3,3,3,3,3,3,3,3,3,3,3,3,3,3,3,3,2,2,2,2,2
GC13,GC14,N,2,2,2,2,2,2,2,2,2,2,2,2,3,3,3,3,3,3,3,3,3,3,3,3,3,3,3,3,3,3,3,3,3,3,3,3,3,3,3,3,3,3,3,2,2,2,2,2
GC14,HGC,N,2,2,2,2,2,2,2,2,2,2,2,2,3,3,3,3,3,3,3,3,3,3,3,3,3,3,3,3,3,3,3,3,3,3,3,3,3,3,3,3,3,3,3,2,2,2,2,2
GC15,GC16,N,2,2,2,2,2,2,2,2,2,2,2,2,3,3,3,3,3,3,3,3,3,3,3,3,3,3,3,3,3,3,3,3,3,3,3,3,3,3,3,3,3,3,3,2,2,2,2,2
GC16,AVI13,N,2,2,2,2,2,2,2,2,2,2,2,2,3,3,3,3,3,3,3,3,3,3,3,3,3,3,3,3,3,3,3,3,3,3,3,3,3,3,3,3,3,3,3,2,2,2,2,2
GC2,GAGC,N,2,2,2,2,2,2,2,2,2,2,2,2,3,3,3,3,3,3,3,3,3,3,3,3,3,3,3,3,3,3,3,3,3,3,3,3,3,3,3,3,3,3,3,2,2,2,2,2
GC3,GC4,N,2,2,2,2,2,2,2,2,2,2,2,2,3,3,3,3,3,3,3,3,3,3,3,3,3,3,3,3,3,3,3,3,3,3,3,3,3,3,3,3,3,3,3,2,2,2,2,2
GC4,JLMGC,N,2,2,2,2,2,2,2,2,2,2,2,2,3,3,3,3,3,3,3,3,3,3,3,3,3,3,3,3,3,3,3,3,3,3,3,3,3,3,3,3,3,3,3,2,2,2,2,2
GC5,GC6,N,2,2,2,2,2,2,2,2,2,2,2,2,3,4,4,4,3,3,3,3,3,4,4,3,3,4,4,3,3,3,3,3,3,4,4,3,3,3,3,3,3,3,3,2,2,2,2,2
GC6,MEGC,N,2,2,2,2,2,2,2,2,2,2,2,2,3,3,3,3,3,3,3,3,3,3,3,3,3,3,3,3,3,3,3,3,3,3,3,3,3,3,3,3,3,3,3,2,2,2,2,2
GC7,GC8,N,2,2,2,2,2,2,2,2,2,2,2,2,3,6,6,6,3,3,3,3,3,6,6,3,3,6,6,3,3,3,3,3,3,6,6,3,3,3,3,3,3,3,3,2,2,2,2,2
GC8,CALGC,N,2,2,2,2,2,2,2,2,2,2,2,2,3,3,3,3,3,3,3,3,3,3,3,3,3,3,3,3,3,3,3,3,3,3,3,3,3,3,3,3,3,3,3,2,2,2,2,2
GC9,GC10,N,2,2,2,2,2,2,2,2,2,2,2,2,3,6,6,6,3,3,3,3,3,6,6,3,3,6,6,3,3,3,3,3,3,6,6,3,3,3,3,3,3,3,3,2,2,2,2,2
GE1,GE2,N,2,2,2,2,2,2,2,2,2,2,2,2,3,2,2,2,2,2,2,2,2,2,2,2,2,2,2,2,2,2,2,2,2,2,2,2,2,2,2,2,2,2,2,2,2,2,2,2
GE2,GEPJC,N,2,2,2,2,2,2,2,2,2,2,2,2,3,2,2,2,2,2,2,2,2,2,2,2,2,2,2,2,2,2,2,2,2,2,2,2,2,2,2,2,2,2,2,2,2,2,2,2
GE3,GE4,N,2,2,2,2,2,2,2,2,2,2,2,2,3,2,2,2,2,2,2,2,2,2,2,2,2,2,2,2,2,2,2,2,2,2,2,2,2,2,2,2,2,2,2,2,2,2,2,2
GE4,GESR,N,2,2,2,2,2,2,2,2,2,2,2,2,3,2,2,2,2,2,2,2,2,2,2,2,2,2,2,2,2,2,2,2,2,2,2,2,2,2,2,2,2,2,2,2,2,2,2,2
GEPJC,GE3,N,2,2,2,2,2,2,2,2,2,2,2,2,3,2,2,2,2,2,2,2,2,2,2,2,2,2,2,2,2,2,2,2,2,2,2,2,2,2,2,2,2,2,2,2,2,2,2,2
GEPJC,PJC8,N,2,2,2,2,2,2,2,2,2,2,2,2,3,2,2,2,2,2,2,2,2,2,2,2,2,2,2,2,2,2,2,2,2,2,2,2,2,2,2,2,2,2,2,2,2,2,2,2
GESR,GB1,N,2,2,2,2,2,2,2,2,2,2,2,2,3,2,2,2,2,2,2,2,2,2,2,2,2,2,2,2,2,2,2,2,2,2,2,2,2,2,2,2,2,2,2,2,2,2,2,2
GESR,SR3,N,2,2,2,2,2,2,2,2,2,2,2,2,3,2,2,2,2,2,2,2,2,2,2,2,2,2,2,2,2,2,2,2,2,2,2,2,2,2,2,2,2,2,2,2,2,2,2,2
H1,H2,S,4,4,4,4,4,4,4,4,4,4,4,4,4,6,6,6,6,6,4,4,4,6,6,4,4,6,6,6,4,4,4,4,4,6,6,5,4,4,4,4,4,4,4,4,4,4,4,4
H10,HV,S,4,4,4,4,4,4,4,4,4,4,4,4,4,4,4,4,4,4,4,4,4,4,4,4,4,4,4,4,4,4,4,4,4,4,4,4,4,4,4,4,4,4,4,4,4,4,4,4
H11,H12,S,4,4,4,4,4,4,4,4,4,4,4,4,4,4,4,4,4,4,4,4,4,4,4,4,4,4,4,4,4,4,4,4,4,4,4,4,4,4,4,4,4,4,4,4,4,4,4,4
H12,HVM,S,4,4,4,4,4,4,4,4,4,4,4,4,4,4,4,4,4,4,4,4,4,4,4,4,4,4,4,4,4,4,4,4,4,4,4,4,4,4,4,4,4,4,4,4,4,4,4,4
H13,H14,S,4,4,4,4,4,4,4,4,4,4,4,4,4,4,4,4,4,4,4,4,4,4,4,4,4,4,4,4,4,4,4,4,4,4,4,4,4,4,4,4,4,4,4,4,4,4,4,4
H14,HCN,S,4,4,4,4,4,4,4,4,4,4,4,4,4,4,4,4,4,4,4,4,4,4,4,4,4,4,4,4,4,4,4,4,4,4,4,4,4,4,4,4,4,4,4,4,4,4,4,4
H15,H16,S,4,4,4,4,4,4,4,4,4,4,4,4,4,5,5,5,4,4,4,4,4,5,5,5,4,5,5,4,4,4,4,4,4,5,5,5,4,4,4,4,4,4,4,4,4,4,4,4
H16,AVC3,S,8,8,8,8,8,8,8,8,8,8,8,8,8,10,10,10,8,8,8,8,8,10,10,10,8,10,10,8,8,8,8,8,8,10,10,10,8,8,8,8,8,8,8,8,8,8,8,8
H17,HC,S,4,4,4,4,4,4,4,4,4,4,4,4,4,5,5,5,5,4,4,4,4,5,5,5,4,5,5,4,4,4,4,4,4,4,5,5,5,4,4,4,4,4,4,4,4,4,4,4
H18,H17,S,4,4,4,4,4,4,4,4,4,4,4,4,4,5,5,5,5,4,4,4,4,5,5,5,4,5,5,4,4,4,4,4,4,4,5,5,5,4,4,4,4,4,4,4,4,4,4,4
H19,HPK,S,4,4,4,4,4,4,4,4,4,4,4,4,4,6,6,6,6,4,4,4,4,6,6,6,4,6,6,4,4,4,4,4,4,4,6,6,6,4,4,4,4,4,4,4,4,4,4,4
H2,HMW,S,8,8,8,8,8,8,8,8,8,8,8,8,8,12,12,12,12,8,8,8,8,12,12,12,8,12,12,8,8,8,8,8,8,8,12,12,12,8,8,8,8,8,8,8,8,8,8,8
H20,H19,S,4,4,4,4,4,4,4,4,4,4,4,4,4,6,6,6,5,4,4,4,4,6,6,6,4,6,6,5,4,4,4,4,4,4,4,6,6,6,4,4,4,4,4,4,4,4,4,4
H21,HGC,S,8,8,8,8,8,8,8,8,8,8,8,8,8,8,8,8,8,8,8,8,8,8,8,8,8,8,8,8,8,8,8,8,8,8,8,8,8,8,8,8,8,8,8,8,8,8,8,8
H22,H21,S,4,4,4,4,4,4,4,4,4,4,4,4,4,5,5,5,4,4,4,4,4,5,5,5,4,5,5,4,4,4,4,4,4,4,5,5,5,5,4,4,4,4,4,4,4,4,4,4
H23,HJM,S,4,4,4,4,4,4,4,4,4,4,4,4,4,5,5,5,4,4,4,4,4,5,5,5,4,5,5,4,4,4,4,4,4,4,5,5,5,5,4,4,4,4,4,4,4,4,4,4
H24,H23,S,4,4,4,4,4,4,4,4,4,4,4,4,4,6,6,6,5,5,4,4,4,6,6,6,5,6,6,5,4,4,4,4,4,6,6,5,5,4,4,4,4,4,4,4,4,4,4,4
H25,HGB,S,4,4,4,4,4,4,4,4,4,4,4,4,4,5,5,5,5,4,4,4,4,5,5,5,5,5,5,4,4,4,4,4,4,5,5,5,5,4,4,4,4,4,4,4,4,4,4,4
H26,H25,S,4,4,4,4,4,4,4,4,4,4,4,4,4,4,4,4,4,4,4,4,4,4,4,4,4,4,4,4,4,4,4,4,4,4,4,4,4,4,4,4,4,4,4,4,4,4,4,4
H27,AJ7,S,3,3,3,3,3,3,3,3,3,3,3,3,3,3,3,3,3,3,3,3,3,3,3,3,3,3,3,3,3,3,3,3,3,3,3,3,3,3,3,3,3,3,3,3,3,3,3,3
H3,H4,S,4,4,4,4,4,4,4,4,4,4,4,4,4,5,5,5,5,5,4,4,4,5,5,5,5,4,4,4,4,4,4,4,4,5,5,5,5,4,4,4,4,4,4,4,4,4,4,4
H4,HCC,S,4,4,4,4,4,4,4,4,4,4,4,4,4,4,4,4,4,4,4,4,4,4,4,4,4,4,4,4,4,4,4,4,4,4,4,4,4,4,4,4,4,4,4,4,4,4,4,4
H5,H6,S,4,4,4,4,4,4,4,4,4,4,4,4,4,5,5,5,5,5,5,5,5,5,5,5,5,5,5,5,5,5,5,5,5,5,5,5,5,5,5,5,5,5,5,5,5,5,5,5
H6,HCM,S,4,4,4,4,4,4,4,4,4,4,4,4,4,6,6,6,6,5,5,5,5,6,6,6,6,5,5,5,4,4,4,4,4,6,6,6,6,5,4,4,4,4,4,4,4,4,4,4
H7,H8,S,4,4,4,4,4,4,4,4,4,4,4,4,4,5,5,5,5,4,4,4,4,5,5,5,4,5,5,4,4,4,4,4,4,5,5,5,4,4,4,4,4,4,4,4,4,4,4,4
H8,HTRP,S,8,8,8,8,8,8,8,8,8,8,8,8,8,8,8,8,8,8,8,8,8,8,8,8,8,8,8,8,8,8,8,8,8,8,8,8,8,8,8,8,8,8,8,8,8,8,8,8
H9,H10,S,4,4,4,4,4,4,4,4,4,4,4,4,4,4,4,4,4,4,4,4,4,4,4,4,4,4,4,4,4,4,4,4,4,4,4,4,4,4,4,4,4,4,4,4,4,4,4,4
HC,C17,N,2,2,2,2,2,2,2,2,2,2,2,2,3,12,12,4,4,3,3,3,3,12,12,4,3,12,12,4,3,3,3,3,3,12,12,4,3,3,3,3,3,3,3,2,2,2,2,2
HC,H1,S,4,4,4,4,4,4,4,4,4,4,4,4,4,5,5,5,4,4,4,4,4,5,5,5,5,5,5,4,4,4,4,4,4,5,5,5,5,5,4,4,4,4,4,4,4,4,4,4
HCC,CC17,N,2,2,2,2,2,2,2,2,2,2,2,2,3,3,3,3,3,3,3,3,3,3,3,3,3,3,3,3,3,3,3,3,3,3,3,3,3,3,3,3,3,3,3,2,2,2,2,2
HCC,H5,S,4,4,4,4,4,4,4,4,4,4,4,4,4,4,4,4,4,4,4,4,4,4,4,4,4,4,4,4,4,4,4,4,4,4,4,4,4,4,4,4,4,4,4,4,4,4,4,4
HCM,CM16,N,2,2,2,2,2,2,2,2,2,2,2,2,3,3,3,3,3,3,3,3,3,3,3,3,3,3,3,3,3,3,3,3,3,3,3,3,3,3,3,3,3,3,3,2,2,2,2,2
HCM,H7,S,4,4,4,4,4,4,4,4,4,4,4,4,4,5,5,5,5,4,4,4,4,5,5,5,4,4,4,4,4,4,4,4,4,5,5,5,5,5,4,4,4,4,4,4,4,4,4,4
HCN,CN16,N,2,2,2,2,2,2,2,2,2,2,2,2,3,3,3,3,3,3,3,3,3,3,3,3,3,3,3,3,3,3,3,3,3,3,3,3,3,3,3,3,3,3,3,2,2,2,2,2
HCN,H15,S,4,4,4,4,4,4,4,4,4,4,4,4,4,5,5,5,5,4,4,4,4,5,5,4,4,5,5,4,4,4,4,4,4,5,5,5,4,4,4,4,4,4,4,4,4,4,4,4
HGB,GB7,N,2,2,2,2,2,2,2,2,2,2,2,2,3,3,3,3,3,3,3,3,3,3,3,3,3,3,3,3,3,3,3,3,3,3,3,3,3,3,3,3,3,3,3,2,2,2,2,2
HGB,H24,S,4,4,4,4,4,4,4,4,4,4,4,4,4,4,4,4,4,4,4,4,4,4,4,4,4,4,4,4,4,4,4,4,4,4,4,4,4,4,4,4,4,4,4,4,4,4,4,4
HGC,GC15,N,2,2,2,2,2,2,2,2,2,2,2,2,3,3,3,3,3,3,3,3,3,3,3,3,3,3,3,3,3,3,3,3,3,3,3,3,3,3,3,3,3,3,3,2,2,2,2,2
HGC,H20,S,4,4,4,4,4,4,4,4,4,4,4,4,4,5,5,5,4,4,4,4,4,5,5,5,4,5,5,4,4,4,4,4,4,5,5,5,5,4,4,4,4,4,4,4,4,4,4,4
HJM,H22,S,4,4,4,4,4,4,4,4,4,4,4,4,4,5,5,5,5,5,4,4,4,5,5,5,5,5,5,5,4,4,4,4,4,5,5,5,5,5,4,4,4,4,4,4,4,4,4,4
HJM,JM12,N,2,2,2,2,2,2,2,2,2,2,2,2,3,3,3,3,3,3,3,3,3,3,3,3,3,3,3,3,3,3,3,3,3,3,3,3,3,3,3,3,3,3,3,2,2,2,2,2
HMW,H3,S,4,4,4,4,4,4,4,4,4,4,4,4,4,5,5,5,5,4,4,4,4,5,5,5,5,5,5,4,4,4,4,4,4,5,5,5,5,5,4,4,4,4,4,4,4,4,4,4
HMW,MW16,N,2,2,2,2,2,2,2,2,2,2,2,2,3,3,3,3,3,3,3,3,3,3,3,3,3,3,3,3,3,3,3,3,3,3,3,3,3,3,3,3,3,3,3,2,2,2,2,2
HPK,H18,S,4,4,4,4,4,4,4,4,4,4,4,4,4,5,5,5,5,4,4,4,4,5,5,5,5,5,5,4,4,4,4,4,4,5,5,5,5,4,4,4,4,4,4,4,4,4,4,4
HPK,PK14,N,2,2,2,2,2,2,2,2,2,2,2,2,3,3,3,3,3,3,3,3,3,3,3,3,3,3,3,3,3,3,3,3,3,3,3,3,3,3,3,3,3,3,3,2,2,2,2,2
HTRP,H9,S,4,4,4,4,4,4,4,4,4,4,4,4,4,4,4,4,4,4,4,4,4,4,4,4,4,4,4,4,4,4,4,4,4,4,4,4,4,4,4,4,4,4,4,4,4,4,4,4
HTRP,TRP17,N,2,2,2,2,2,2,2,2,2,2,2,2,3,3,3,3,3,3,3,3,3,3,3,3,3,3,3,3,3,3,3,3,3,3,3,3,3,3,3,3,3,3,3,2,2,2,2,2
HV,H11,S,4,4,4,4,4,4,4,4,4,4,4,4,4,4,4,4,4,4,4,4,4,4,4,4,4,4,4,4,4,4,4,4,4,4,4,4,4,4,4,4,4,4,4,4,4,4,4,4
HV,V16,N,2,2,2,2,2,2,2,2,2,2,2,2,3,3,3,3,3,3,3,3,3,3,3,3,3,3,3,3,3,3,3,3,3,3,3,3,3,3,3,3,3,3,3,2,2,2,2,2
HVM,H13,S,4,4,4,4,4,4,4,4,4,4,4,4,4,4,4,4,4,4,4,4,4,4,4,4,4,4,4,4,4,4,4,4,4,4,4,4,4,4,4,4,4,4,4,4,4,4,4,4
HVM,VM17,N,2,2,2,2,2,2,2,2,2,2,2,2,3,3,3,3,3,3,3,3,3,3,3,3,3,3,3,3,3,3,3,3,3,3,3,3,3,3,3,3,3,3,3,2,2,2,2,2
I1,IC,S,4,4,4,4,4,4,4,4,4,4,4,4,4,5,5,5,5,4,4,4,4,5,5,5,5,5,4,4,4,4,4,4,4,5,5,5,5,5,4,4,4,4,4,4,4,4,4,4
I10,I9,S,4,4,4,4,4,4,4,4,4,4,4,4,4,5,5,5,5,4,4,4,4,5,5,5,5,5,4,4,4,4,4,4,4,5,5,5,5,5,4,4,4,4,4,4,4,4,4,4
I11,IV,S,4,4,4,4,4,4,4,4,4,4,4,4,4,6,6,6,6,4,4,4,4,6,6,6,6,6,4,4,4,4,4,4,4,6,6,6,6,6,4,4,4,4,4,4,4,4,4,4
I12,I11,S,4,4,4,4,4,4,4,4,4,4,4,4,4,6,6,6,6,4,4,4,4,6,6,6,6,6,4,4,4,4,4,4,4,6,6,6,6,6,4,4,4,4,4,4,4,4,4,4
I13,IVM,S,4,4,4,4,4,4,4,4,4,4,4,4,4,4,4,4,4,4,4,4,4,4,4,4,4,4,4,4,4,4,4,4,4,4,4,4,4,4,4,4,4,4,4,4,4,4,4,4
I14,I13,S,4,4,4,4,4,4,4,4,4,4,4,4,4,6,6,6,6,4,4,4,4,6,6,6,6,6,4,4,4,4,4,4,4,6,6,6,6,6,4,4,4,4,4,4,4,4,4,4
I15,ICN,S,8,8,8,8,8,8,8,8,8,8,8,8,8,10,10,10,10,8,8,8,8,10,10,10,8,10,10,8,8,8,8,8,8,10,10,10,8,8,8,8,8,8,8,8,8,8,8,8
I16,I15,S,4,4,4,4,4,4,4,4,4,4,4,4,4,5,5,5,5,4,4,4,4,5,5,5,5,4,4,4,4,4,4,4,4,5,5,5,5,4,4,4,4,4,4,4,4,4,4,4
I17,I18,S,4,4,4,4,4,4,4,4,4,4,4,4,5,5,5,5,5,5,5,5,4,5,5,5,4,5,5,4,4,4,4,4,4,5,5,5,5,4,4,4,4,4,4,4,4,4,4,4
I18,IPK,S,4,4,4,4,4,4,4,4,4,4,4,4,4,4,4,4,4,4,4,4,4,4,4,4,4,4,4,4,4,4,4,4,4,4,4,4,4,4,4,4,4,4,4,4,4,4,4,4
I19,I20,S,4,4,4,4,4,4,4,4,4,4,4,4,4,6,6,6,6,4,4,4,4,4,6,6,6,4,4,4,4,4,4,4,4,6,6,6,6,5,4,4,4,4,4,4,4,4,4,4
I2,I1,S,4,4,4,4,4,4,4,4,4,4,4,4,4,6,6,6,4,4,4,4,4,6,6,6,6,4,4,4,4,4,4,4,4,6,6,6,6,5,4,4,4,4,4,4,4,4,4,4
I20,IGC,S,8,8,8,8,8,8,8,8,8,8,8,8,8,8,8,8,8,8,8,8,8,8,8,8,8,8,8,8,8,8,8,8,8,8,8,8,8,8,8,8,8,8,8,8,8,8,8,8
I21,I22,S,4,4,4,4,4,4,4,4,4,4,4,4,4,6,6,6,6,4,4,4,4,6,6,6,5,5,6,5,4,4,4,4,4,6,6,6,5,5,4,4,4,4,4,4,4,4,4,4
I22,IJM,S,4,4,4,4,4,4,4,4,4,4,4,4,4,5,5,5,5,4,4,4,4,5,5,5,5,5,5,5,4,4,4,4,4,5,5,5,5,5,4,4,4,4,4,4,4,4,4,4
I23,I24,S,4,4,4,4,4,4,4,4,4,4,4,4,4,6,6,6,6,6,6,6,6,6,6,6,6,6,6,6,6,6,6,6,6,6,6,6,6,6,6,6,6,6,6,6,6,6,6,6
I24,IGB,S,4,4,4,4,4,4,4,4,4,4,4,4,4,5,5,5,5,5,4,4,4,5,5,5,5,4,4,4,4,4,4,4,4,5,5,5,4,4,4,4,4,4,4,4,4,4,4,4
I25,I26,S,4,4,4,4,4,4,4,4,4,4,4,4,4,5,5,5,5,4,4,4,4,5,5,5,5,4,4,4,4,4,4,4,4,5,5,5,5,4,4,4,4,4,4,4,4,4,4,4
I26,ISR,S,8,8,8,8,8,8,8,8,8,8,8,8,8,8,8,8,8,8,8,8,8,8,8,8,8,8,8,8,8,8,8,8,8,8,8,8,8,8,8,8,8,8,8,8,8,8,8,8
I3,IMW,S,8,8,8,8,8,8,8,8,8,8,8,8,8,10,10,10,8,8,8,8,8,10,10,10,8,8,8,8,8,8,8,8,8,10,10,10,10,8,8,8,8,8,8,8,8,8,8,8
I4,I3,S,4,4,4,4,4,4,4,4,4,4,4,4,4,5,5,5,5,5,5,5,5,5,5,5,5,5,5,5,5,5,5,5,5,5,5,5,5,5,5,5,5,5,5,5,5,5,5,5
I5,ICC,S,4,4,4,4,4,4,4,4,4,4,4,4,4,5,5,5,5,4,4,4,4,5,5,5,4,5,4,4,4,4,4,4,4,5,5,5,5,4,4,4,4,4,4,4,4,4,4,4
I6,I5,S,4,4,4,4,4,4,4,4,4,4,4,4,4,5,5,5,5,4,4,4,4,5,5,5,4,5,4,4,4,4,4,4,4,5,5,5,5,4,4,4,4,4,4,4,4,4,4,4
I7,ICM,S,4,4,4,4,4,4,4,4,4,4,4,4,4,4,4,4,4,4,4,4,4,5,5,5,4,5,4,4,4,4,4,4,4,5,5,5,5,4,4,4,4,4,4,4,4,4,4,4
I8,I7,S,4,4,4,4,4,4,4,4,4,4,4,4,4,4,4,4,4,4,4,4,4,5,5,5,4,5,4,4,4,4,4,4,4,5,5,5,5,4,4,4,4,4,4,4,4,4,4,4
I9,ITRP,S,8,8,8,8,8,8,8,8,8,8,8,8,8,10,10,10,10,8,8,8,8,10,10,10,10,10,10,10,8,8,8,8,10,10,10,10,10,8,8,8,8,8,8,8,8,8,8,8
IC,C15,N,2,2,2,2,2,2,2,2,2,2,2,2,3,3,3,3,3,3,3,3,3,3,3,3,3,3,3,3,3,3,3,3,3,3,3,3,3,3,3,3,3,3,3,2,2,2,2,2
IC,I17,S,4,4,4,4,4,4,4,4,4,4,4,4,4,6,6,6,4,4,4,4,4,6,6,6,4,4,4,4,4,4,4,4,4,6,6,6,4,4,4,4,4,4,4,4,4,4,4,4
ICC,CC15,N,2,2,2,2,2,2,2,2,2,2,2,2,3,3,3,3,3,3,3,3,3,3,3,3,3,3,3,3,3,3,3,3,3,3,3,3,3,3,3,3,3,3,3,2,2,2,2,2
ICC,I4,S,4,4,4,4,4,4,4,4,4,4,4,4,4,6,6,6,4,4,4,4,4,6,6,6,4,4,4,4,4,4,4,4,4,6,6,6,4,4,4,4,4,4,4,4,4,4,4,4
ICM,CM14,N,2,2,2,2,2,2,2,2,2,2,2,2,3,3,3,3,3,3,3,3,3,3,3,3,3,3,3,3,3,3,3,3,3,3,3,3,3,3,3,3,3,3,3,2,2,2,2,2
ICM,I6,S,4,4,4,4,4,4,4,4,4,4,4,4,4,5,5,5,4,4,4,4,4,5,5,5,4,4,4,4,4,4,4,4,4,5,5,5,4,4,4,4,4,4,4,4,4,4,4,4
ICN,CN14,N,2,2,2,2,2,2,2,2,2,2,2,2,3,3,3,3,3,3,3,3,3,3,3,3,3,3,3,3,3,3,3,3,3,3,3,3,3,3,3,3,3,3,3,2,2,2,2,2
ICN,I14,S,4,4,4,4,4,4,4,4,4,4,4,4,4,5,5,5,4,4,4,4,4,5,5,5,4,4,4,4,4,4,4,4,4,5,5,5,4,4,4,4,4,4,4,4,4,4,4,4
IGB,GB5,N,2,2,2,2,2,2,2,2,2,2,2,2,3,3,3,3,3,3,3,3,3,3,3,3,3,3,3,3,3,3,3,3,3,3,3,3,3,3,3,3,3,3,3,2,2,2,2,2
IGB,I25,S,4,4,4,4,4,4,4,4,4,4,4,4,4,5,5,5,4,4,4,4,4,5,5,5,4,4,4,4,4,4,4,4,4,5,5,5,4,4,4,4,4,4,4,4,4,4,4,4
IGC,GC13,N,2,2,2,2,2,2,2,2,2,2,2,2,3,3,3,3,3,3,3,3,3,3,3,3,3,3,3,3,3,3,3,3,3,3,3,3,3,3,3,3,3,3,3,2,2,2,2,2
IGC,I21,S,4,4,4,4,4,4,4,4,4,4,4,4,4,6,6,6,4,4,4,4,4,6,6,6,4,4,4,4,4,4,4,4,4,6,6,6,4,4,4,4,4,4,4,4,4,4,4,4
IJM,I23,S,4,4,4,4,4,4,4,4,4,4,4,4,4,6,6,6,6,5,5,5,5,6,6,5,5,5,6,6,4,4,4,4,4,6,6,6,6,4,4,4,4,4,4,4,4,4,4,4
IJM,JM10,N,2,2,2,2,2,2,2,2,2,2,2,2,3,3,3,3,3,3,3,3,3,3,3,3,3,3,3,3,3,3,3,3,3,3,3,3,3,3,3,3,3,3,3,2,2,2,2,2
IMW,I2,S,4,4,4,4,4,4,4,4,4,4,4,4,4,5,5,5,4,4,4,4,4,5,5,5,4,4,4,4,4,4,4,4,4,5,5,5,4,4,4,4,4,4,4,4,4,4,4,4
IMW,MW14,N,2,2,2,2,2,2,2,2,2,2,2,2,3,3,3,3,3,3,3,3,3,3,3,3,3,3,3,3,3,3,3,3,3,3,3,3,3,3,3,3,3,3,3,2,2,2,2,2
IPK,I19,S,4,4,4,4,4,4,4,4,4,4,4,4,4,5,5,5,4,4,4,4,4,5,5,5,4,4,4,4,4,4,4,4,4,5,5,5,4,4,4,4,4,4,4,4,4,4,4,4
IPK,PK12,N,2,2,2,2,2,2,2,2,2,2,2,2,3,3,3,3,3,3,3,3,3,3,3,3,3,3,3,3,3,3,3,3,3,3,3,3,3,3,3,3,3,3,3,2,2,2,2,2
ISR,PWSR,N,2,2,2,2,2,2,2,2,2,2,2,2,2,2,2,2,6,2,2,2,2,2,6,6,2,2,2,2,2,2,2,2,2,2,2,2,2,2,2,2,2,2,2,2,2,2,2,2
ITRP,I8,S,4,4,4,4,4,4,4,4,4,4,4,4,4,6,6,6,4,4,4,4,4,6,6,6,4,4,4,4,4,4,4,4,4,6,6,6,4,4,4,4,4,4,4,4,4,4,4,4
ITRP,TRP15,N,2,2,2,2,2,2,2,2,2,2,2,2,3,3,3,3,3,3,3,3,3,3,3,3,3,3,3,3,3,3,3,3,3,3,3,3,3,3,3,3,3,3,3,2,2,2,2,2
IV,I10,S,4,4,4,4,4,4,4,4,4,4,4,4,4,5,5,5,4,4,4,4,4,5,5,5,4,4,4,4,4,4,4,4,4,5,5,5,4,4,4,4,4,4,4,4,4,4,4,4
IV,V14,N,2,2,2,2,2,2,2,2,2,2,2,2,3,3,3,3,3,3,3,3,3,3,3,3,3,3,3,3,3,3,3,3,3,3,3,3,3,3,3,3,3,3,3,2,2,2,2,2
IVM,I12,S,4,4,4,4,4,4,4,4,4,4,4,4,4,6,6,6,4,4,4,4,4,6,6,6,4,4,4,4,4,4,4,4,4,6,6,6,4,4,4,4,4,4,4,4,4,4,4,4
IVM,VM15,N,2,2,2,2,2,2,2,2,2,2,2,2,3,3,3,3,3,3,3,3,3,3,3,3,3,3,3,3,3,3,3,3,3,3,3,3,3,3,3,3,3,3,3,2,2,2,2,2
JLM1,JLMC,S,4,4,4,4,4,4,4,4,4,4,4,4,4,5,5,5,4,4,4,4,4,5,5,5,5,5,5,4,4,4,4,4,4,5,5,5,5,4,4,4,4,4,4,4,4,4,4,4
JLM10,JLM9,S,4,4,4,4,4,4,4,4,4,4,4,4,4,5,5,5,4,4,4,4,4,5,5,5,5,5,5,4,4,4,4,4,4,5,5,5,5,4,4,4,4,4,4,4,4,4,4,4
JLM11,JLMV,S,4,4,4,4,4,4,4,4,4,4,4,4,4,5,5,5,4,4,4,4,4,5,5,5,5,5,5,4,4,4,4,4,4,5,5,5,5,4,4,4,4,4,4,4,4,4,4,4
JLM12,JLM11,S,4,4,4,4,4,4,4,4,4,4,4,4,4,5,5,5,4,4,4,4,4,5,5,5,5,5,5,4,4,4,4,4,4,5,5,5,5,4,4,4,4,4,4,4,4,4,4,4
JLM13,JLMVM,S,4,4,4,4,4,4,4,4,4,4,4,4,4,5,5,5,4,4,4,4,4,5,5,5,5,5,5,4,4,4,4,4,4,5,5,5,5,4,4,4,4,4,4,4,4,4,4,4
JLM14,JLM13,S,4,4,4,4,4,4,4,4,4,4,4,4,4,5,5,5,4,4,4,4,4,5,5,5,5,5,5,4,4,4,4,4,4,5,5,5,5,4,4,4,4,4,4,4,4,4,4,4
JLM15,JLMCN,S,8,8,8,8,8,8,8,8,8,8,8,8,8,10,10,10,8,8,8,8,8,10,10,10,10,10,1,8,8,8,8,8,8,10,10,10,10,8,8,8,8,8,8,8,8,8,8,8
JLM16,JLM15,S,4,4,4,4,4,4,4,4,4,4,4,4,4,5,5,5,4,4,4,4,4,5,5,5,5,5,5,4,4,4,4,4,4,5,5,5,5,4,4,4,4,4,4,4,4,4,4,4
JLM17,JLM18,S,4,4,4,4,4,4,4,4,4,4,4,4,4,5,5,5,4,4,4,4,4,5,5,5,5,5,5,4,4,4,4,4,4,5,5,5,5,4,4,4,4,4,4,4,4,4,4,4
JLM18,JLMPK,S,4,4,4,4,4,4,4,4,4,4,4,4,4,5,5,5,4,4,4,4,4,5,5,5,5,5,5,4,4,4,4,4,4,5,5,5,5,4,4,4,4,4,4,4,4,4,4,4
JLM19,JLM20,S,4,4,4,4,4,4,4,4,4,4,4,4,4,5,5,5,4,4,4,4,4,5,5,5,5,5,5,4,4,4,4,4,4,5,5,5,5,4,4,4,4,4,4,4,4,4,4,4
JLM2,JLM1,S,4,4,4,4,4,4,4,4,4,4,4,4,4,6,6,6,4,4,4,4,4,6,6,6,5,6,6,4,4,4,4,4,4,6,6,5,5,4,4,4,4,4,4,4,4,4,4,4
JLM20,JLMGC,S,8,8,8,8,8,8,8,8,8,8,8,8,8,12,12,12,8,8,8,8,8,12,12,12,10,12,12,8,8,8,8,8,8,12,12,10,10,8,8,8,8,8,8,8,8,8,8,8
JLM21,JLM22,S,4,4,4,4,4,4,4,4,4,4,4,4,4,4,4,4,4,4,4,4,4,4,4,4,4,4,4,4,4,4,4,4,4,4,4,4,4,4,4,4,4,4,4,4,4,4,4,4
JLM22,JLMJM,S,4,4,4,4,4,4,4,4,4,4,4,4,4,5,5,5,4,4,4,4,4,5,5,5,5,5,5,4,4,4,4,4,4,5,5,5,5,4,4,4,4,4,4,4,4,4,4,4
JLM23,JLM24,S,3,3,3,3,3,3,3,3,3,3,3,3,3,3,3,3,3,3,3,3,3,3,3,3,3,3,3,3,3,3,3,3,3,3,3,3,3,3,3,3,3,3,3,3,3,3,3,3
JLM24,JLMPJC,S,3,3,3,3,3,3,3,3,3,3,3,3,3,3,3,3,3,3,3,3,3,3,3,3,3,3,3,3,3,3,3,3,3,3,3,3,3,3,3,3,3,3,3,3,3,3,3,3
JLM25,JLM26,S,3,3,3,3,3,3,3,3,3,3,3,3,3,3,3,3,3,3,3,3,3,3,3,3,3,3,3,3,3,3,3,3,3,3,3,3,3,3,3,3,3,3,3,3,3,3,3,3
JLM26,AJLM,S,3,3,3,3,3,3,3,3,3,3,3,3,3,3,3,3,3,3,3,3,3,3,3,3,3,3,3,3,3,3,3,3,3,3,3,3,3,3,3,3,3,3,3,3,3,3,3,3
JLM3,JLMMW,S,8,8,8,8,8,8,8,8,8,8,8,8,8,10,10,10,8,8,8,8,8,10,10,10,10,10,10,8,8,8,8,8,8,10,10,10,10,8,8,8,8,8,8,8,8,8,8,8
JLM4,JLM3,S,4,4,4,4,4,4,4,4,4,4,4,4,4,5,5,5,4,4,4,4,4,5,5,5,5,5,5,4,4,4,4,4,4,5,5,5,5,4,4,4,4,4,4,4,4,4,4,4
JLM5,JLMCC,S,4,4,4,4,4,4,4,4,4,4,4,4,4,5,5,5,4,4,4,4,4,5,5,5,5,5,5,4,4,4,4,4,4,5,5,5,5,4,4,4,4,4,4,4,4,4,4,4
JLM6,JLM5,S,4,4,4,4,4,4,4,4,4,4,4,4,4,5,5,5,4,4,4,4,4,5,5,5,5,5,5,4,4,4,4,4,4,5,5,5,5,4,4,4,4,4,4,4,4,4,4,4
JLM7,JLMCM,S,4,4,4,4,4,4,4,4,4,4,4,4,4,5,5,5,4,4,4,4,4,5,5,5,5,5,5,4,4,4,4,4,4,5,5,5,5,4,4,4,4,4,4,4,4,4,4,4
JLM8,JLM7,S,4,4,4,4,4,4,4,4,4,4,4,4,4,5,5,5,4,4,4,4,4,5,5,5,5,5,5,4,4,4,4,4,4,5,5,5,5,4,4,4,4,4,4,4,4,4,4,4
JLM9,JLMTRP,S,8,8,8,8,8,8,8,8,8,8,8,8,8,10,10,10,8,8,8,8,8,10,10,10,10,10,10,8,8,8,8,8,8,10,10,10,10,8,8,8,8,8,8,8,8,8,8,8
JLMC,C7,N,2,2,2,2,2,2,2,2,2,2,2,2,3,3,3,3,3,3,3,3,3,3,3,3,3,3,3,3,3,3,3,3,3,3,3,3,3,3,3,3,3,3,3,2,2,2,2,2
JLMC,JLM17,S,4,4,4,4,4,4,4,4,4,4,4,4,4,5,5,5,4,4,4,4,4,5,5,5,5,5,5,4,4,4,4,4,4,5,5,5,5,4,4,4,4,4,4,4,4,4,4,4
JLMCC,CC7,N,2,2,2,2,2,2,2,2,2,2,2,2,3,3,3,3,3,3,3,3,3,3,3,3,3,3,3,3,3,3,3,3,3,3,3,3,3,3,3,3,3,3,3,2,2,2,2,2
JLMCC,JLM4,S,4,4,4,4,4,4,4,4,4,4,4,4,4,5,5,5,4,4,4,4,4,5,5,5,5,5,5,4,4,4,4,4,4,5,5,5,5,4,4,4,4,4,4,4,4,4,4,4
JLMCM,CM6,N,2,2,2,2,2,2,2,2,2,2,2,2,3,3,3,3,3,3,3,3,3,3,3,3,3,3,3,3,3,3,3,3,3,3,3,3,3,3,3,3,3,3,3,2,2,2,2,2
JLMCM,JLM6,S,4,4,4,4,4,4,4,4,4,4,4,4,4,5,5,5,4,4,4,4,4,5,5,5,5,5,5,4,4,4,4,4,4,5,5,5,5,4,4,4,4,4,4,4,4,4,4,4
JLMCN,CN6,N,2,2,2,2,2,2,2,2,2,2,2,2,3,3,3,3,3,3,3,3,3,3,3,3,3,3,3,3,3,3,3,3,3,3,3,3,3,3,3,3,3,3,3,2,2,2,2,2
JLMCN,JLM14,S,4,4,4,4,4,4,4,4,4,4,4,4,4,5,5,5,4,4,4,4,4,5,5,5,5,5,5,4,4,4,4,4,4,5,5,5,5,4,4,4,4,4,4,4,4,4,4,4
JLMGC,JLM21,S,4,4,4,4,4,4,4,4,4,4,4,4,4,5,5,5,4,4,4,4,4,5,5,5,5,5,5,4,4,4,4,4,4,5,5,5,5,4,4,4,4,4,4,4,4,4,4,4
JLMGC,GC5,N,2,2,2,2,2,2,2,2,2,2,2,2,3,3,3,3,3,3,3,3,3,3,3,3,3,3,3,3,3,3,3,3,3,3,3,3,3,3,3,3,3,3,3,2,2,2,2,2
JLMJM,JLM23,S,3,3,3,3,3,3,3,3,3,3,3,3,3,3,3,3,3,3,3,3,3,3,3,3,3,3,3,3,3,3,3,3,3,3,3,3,3,3,3,3,3,3,3,3,3,3,3,3
JLMJM,JM2,N,2,2,2,2,2,2,2,2,2,2,2,2,3,3,3,3,3,3,3,3,3,3,3,3,3,3,3,3,3,3,3,3,3,3,3,3,3,3,3,3,3,3,3,2,2,2,2,2
JLMMW,JLM2,S,4,4,4,4,4,4,4,4,4,4,4,4,4,5,5,5,4,4,4,4,4,5,5,5,5,5,5,4,4,4,4,4,4,5,5,5,5,4,4,4,4,4,4,4,4,4,4,4
JLMMW,MW6,N,2,2,2,2,2,2,2,2,2,2,2,2,3,3,3,3,3,3,3,3,3,3,3,3,3,3,3,3,3,3,3,3,3,3,3,3,3,3,3,3,3,3,3,2,2,2,2,2
JLMPJC,JLM25,S,3,3,3,3,3,3,3,3,3,3,3,3,3,3,3,3,3,3,3,3,3,3,3,3,3,3,3,3,3,3,3,3,3,3,3,3,3,3,3,3,3,3,3,3,3,3,3,3
JLMPJC,PJC2,N,2,2,2,2,2,2,2,2,2,2,2,2,3,3,3,3,3,3,3,3,3,3,3,3,3,3,3,3,3,3,3,3,3,3,3,3,3,3,3,3,3,3,3,2,2,2,2,2
JLMPK,JLM19,S,4,4,4,4,4,4,4,4,4,4,4,4,4,5,5,5,5,5,4,4,4,5,5,5,5,5,5,4,4,4,4,4,4,5,5,5,5,4,4,4,4,4,4,4,4,4,4,4
JLMPK,PK4,N,2,2,2,2,2,2,2,2,2,2,2,2,3,3,3,3,3,3,3,3,3,3,3,3,3,3,3,3,3,3,3,3,3,3,3,3,3,3,3,3,3,3,3,2,2,2,2,2
JLMTRP,JLM8,S,4,4,4,4,4,4,4,4,4,4,4,4,4,5,5,5,4,4,4,4,4,5,5,5,5,5,5,4,4,4,4,4,4,5,5,5,5,4,4,4,4,4,4,4,4,4,4,4
JLMTRP,TRP7,N,2,2,2,2,2,2,2,2,2,2,2,2,3,3,3,3,3,3,3,3,3,3,3,3,3,3,3,3,3,3,3,3,3,3,3,3,3,3,3,3,3,3,3,2,2,2,2,2
JLMV,JLM10,S,4,4,4,4,4,4,4,4,4,4,4,4,4,5,5,5,4,4,4,4,4,5,5,5,5,5,5,4,4,4,4,4,4,5,5,5,5,4,4,4,4,4,4,4,4,4,4,4
JLMV,V6,N,2,2,2,2,2,2,2,2,2,2,2,2,3,3,3,3,3,3,3,3,3,3,3,3,3,3,3,3,3,3,3,3,3,3,3,3,3,3,3,3,3,3,3,2,2,2,2,2
JLMVM,JLM12,S,4,4,4,4,4,4,4,4,4,4,4,4,4,5,5,5,4,4,4,4,4,5,5,5,5,5,5,4,4,4,4,4,4,5,5,5,5,4,4,4,4,4,4,4,4,4,4,4
JLMVM,VM7,N,2,2,2,2,2,2,2,2,2,2,2,2,3,3,3,3,3,3,3,3,3,3,3,3,3,3,3,3,3,3,3,3,3,3,3,3,3,3,3,3,3,3,3,2,2,2,2,2
JM1,PJCJM,N,2,2,2,2,2,2,2,2,2,2,2,2,3,3,3,3,3,3,3,3,3,3,3,3,3,3,3,3,3,3,3,3,3,3,3,3,3,3,3,3,3,3,3,2,2,2,2,2
JM10,JM9,N,2,2,2,2,2,2,2,2,2,2,2,2,3,3,3,3,3,3,3,3,3,3,3,3,3,3,3,3,3,3,3,3,3,3,3,3,3,3,3,3,3,3,3,2,2,2,2,2
JM11,IJM,N,2,2,2,2,2,2,2,2,2,2,2,2,3,3,3,3,3,3,3,3,3,3,3,3,3,3,3,3,3,3,3,3,3,3,3,3,3,3,3,3,3,3,3,2,2,2,2,2
JM12,JM11,N,2,2,2,2,2,2,2,2,2,2,2,2,3,3,3,3,3,3,3,3,3,3,3,3,3,3,3,3,3,3,3,3,3,3,3,3,3,3,3,3,3,3,3,2,2,2,2,2
JM13,HJM,N,2,2,2,2,2,2,2,2,2,2,2,2,3,3,3,3,3,3,3,3,3,3,3,3,3,3,3,3,3,3,3,3,3,3,3,3,3,3,3,3,3,3,3,2,2,2,2,2
JM14,JM13,N,2,2,2,2,2,2,2,2,2,2,2,2,3,3,3,3,3,3,3,3,3,3,3,3,3,3,3,3,3,3,3,3,3,3,3,3,3,3,3,3,3,3,3,2,2,2,2,2
JM2,JM1,N,2,2,2,2,2,2,2,2,2,2,2,2,3,3,3,3,3,3,3,3,3,3,3,3,3,3,3,3,3,3,3,3,3,3,3,3,3,3,3,3,3,3,3,2,2,2,2,2
JM3,JLMJM,N,2,2,2,2,2,2,2,2,2,2,2,2,3,3,3,3,3,3,3,3,3,3,3,3,3,3,3,3,3,3,3,3,3,3,3,3,3,3,3,3,3,3,3,2,2,2,2,2
JM4,JM3,N,2,2,2,2,2,2,2,2,2,2,2,2,3,4,4,4,3,3,3,3,3,4,4,4,3,3,3,3,3,3,3,3,3,4,4,4,3,3,3,3,3,3,3,2,2,2,2,2
JM5,MEJM,N,2,2,2,2,2,2,2,2,2,2,2,2,3,5,5,5,3,3,3,3,3,5,5,5,3,3,3,3,3,3,3,3,3,5,5,5,3,3,3,3,3,3,3,2,2,2,2,2
JM6,JM5,N,2,2,2,2,2,2,2,2,2,2,2,2,3,5,5,5,3,3,3,3,3,5,5,5,3,3,3,3,3,3,3,3,3,5,5,5,3,3,3,3,3,3,3,2,2,2,2,2
JM7,CALJM,N,2,2,2,2,2,2,2,2,2,2,2,2,3,3,3,3,3,3,3,3,3,3,3,3,3,3,3,3,3,3,3,3,3,3,3,3,3,3,3,3,3,3,3,2,2,2,2,2
JM8,JM7,N,2,2,2,2,2,2,2,2,2,2,2,2,3,4,4,4,3,3,3,3,3,4,4,4,3,3,3,3,3,3,3,3,3,4,4,4,3,3,3,3,3,3,3,2,2,2,2,2
JM9,LVJM,N,2,2,2,2,2,2,2,2,2,2,2,2,3,3,3,3,3,3,3,3,3,3,3,3,3,3,3,3,3,3,3,3,3,3,3,3,3,3,3,3,3,3,3,2,2,2,2,2
JLMGC,GC5,N,2,2,2,2,2,2,2,2,2,2,2,2,3,3,3,3,3,3,3,3,3,3,3,3,3,3,3,3,3,3,3,3,3,3,3,3,3,3,3,3,3,3,3,2,2,2,2,2
LV1,LV2,S,4,4,4,4,4,4,4,4,4,4,4,4,4,6,6,6,5,5,4,4,4,6,6,4,4,6,6,4,4,4,4,4,4,6,6,5,5,4,4,4,4,4,4,4,4,4,4,4
LV10,LVV,S,4,4,4,4,4,4,4,4,4,4,4,4,4,4,4,4,4,4,4,4,4,4,4,4,4,4,4,4,4,4,4,4,4,4,4,4,4,4,4,4,4,4,4,4,4,4,4,4
LV11,LV12,S,4,4,4,4,4,4,4,4,4,4,4,4,4,5,5,5,5,5,4,4,4,5,5,5,5,5,5,4,4,4,4,4,4,5,5,5,5,4,4,4,4,4,4,4,4,4,4,4
LV12,LVVM,S,8,8,8,8,8,8,8,8,8,8,8,8,8,10,10,10,10,10,8,8,8,10,10,10,10,10,10,8,8,8,8,8,8,10,10,10,10,8,8,8,8,8,8,8,8,8,8,8
LV13,LV14,S,4,4,4,4,4,4,4,4,4,4,4,4,4,5,5,5,5,5,4,4,4,5,5,5,5,5,5,4,4,4,4,4,4,5,5,5,5,4,4,4,4,4,4,4,4,4,4,4
LV14,LVCN,S,4,4,4,4,4,4,4,4,4,4,4,4,4,5,5,5,5,5,4,4,4,5,5,5,5,5,5,4,4,4,4,4,4,5,5,5,5,5,5,5,5,5,5,4,4,4,4,4
LV15,LV16,S,4,4,4,4,4,4,4,4,4,4,4,4,4,4,4,4,4,4,4,4,4,4,4,4,4,4,4,4,4,4,4,4,4,4,4,4,4,4,4,4,4,4,4,4,4,4,4,4
LV16,AVC7,S,4,4,4,4,4,4,4,4,4,4,4,4,4,5,5,5,5,5,5,5,5,5,5,5,5,5,5,5,5,5,5,5,5,5,5,5,5,5,5,5,5,4,4,4,4,4,4,4
LV17,LVC,S,8,8,8,8,8,8,8,8,8,8,8,8,8,10,10,10,10,8,8,8,8,10,10,8,8,10,10,8,8,8,8,8,8,10,10,10,10,8,8,8,8,8,8,8,8,8,8,8
LV18,LV17,S,4,4,4,4,4,4,4,4,4,4,4,4,4,5,5,5,5,5,4,4,4,5,5,4,4,5,5,5,4,4,4,4,4,5,5,5,5,4,4,4,4,4,4,4,4,4,4,4
LV19,LVPK,S,4,4,4,4,4,4,4,4,4,4,4,4,4,6,6,6,5,5,4,4,4,6,6,4,4,6,6,4,4,4,4,4,4,6,6,5,5,4,4,4,4,4,4,4,4,4,4,4
LV2,LVMW,S,4,4,4,4,4,4,4,4,4,4,4,4,4,6,6,6,5,5,4,4,4,6,6,4,4,6,6,4,4,4,4,4,4,6,6,5,5,4,4,4,4,4,4,4,4,4,4,4
LV20,LV19,S,4,4,4,4,4,4,4,4,4,4,4,4,4,6,6,6,5,5,4,4,4,6,6,4,4,6,6,6,4,4,4,4,4,6,6,5,5,4,4,4,4,4,4,4,4,4,4,4
LV21,LVGC,S,4,4,4,4,4,4,4,4,4,4,4,4,4,4,4,4,4,4,4,4,4,4,4,4,4,4,4,4,4,4,4,4,4,4,4,4,4,4,4,4,4,4,4,4,4,4,4,4
LV22,LV21,S,4,4,4,4,4,4,4,4,4,4,4,4,4,5,5,5,5,4,4,4,4,5,5,5,4,5,5,4,4,4,4,4,4,4,4,4,4,4,4,4,4,4,4,4,4,4,4,4
LV23,LVJM,S,4,4,4,4,4,4,4,4,4,4,4,4,4,6,6,6,6,5,5,5,5,6,6,6,6,6,5,5,4,4,4,4,4,6,6,6,5,5,4,4,4,4,4,4,4,4,4,4
LV24,LV23,S,4,4,4,4,4,4,4,4,4,4,4,4,4,4,4,4,4,4,4,4,4,4,4,4,4,4,4,4,4,4,4,4,4,4,4,4,4,4,4,4,4,4,4,4,4,4,4,4
LV3,LV4,S,4,4,4,4,4,4,4,4,4,4,4,4,4,5,5,5,5,4,4,4,4,5,5,5,4,5,5,4,4,4,4,4,4,5,5,5,4,4,4,4,4,4,4,4,4,4,4,4
LV4,LVCC,S,4,4,4,4,4,4,4,4,4,4,4,4,4,4,4,4,4,4,4,4,4,4,4,4,4,4,4,4,4,4,4,4,4,4,4,4,4,4,4,4,4,4,4,4,4,4,4,4
LV5,LV6,S,4,4,4,4,4,4,4,4,4,4,4,4,4,5,5,5,5,4,4,4,4,5,5,5,5,5,5,4,4,4,4,4,4,5,5,5,5,5,4,4,4,4,4,4,4,4,4,4
LV6,LVCM,S,8,8,8,8,8,8,8,8,8,8,8,8,8,10,10,10,10,8,8,8,8,10,10,10,10,10,10,8,8,8,8,8,8,10,10,10,10,10,8,8,8,8,8,8,8,8,8,8
LV7,LV8,S,4,4,4,4,4,4,4,4,4,4,4,4,4,4,4,4,4,4,4,4,4,4,4,4,4,4,4,4,4,4,4,4,4,4,4,4,4,4,4,4,4,4,4,4,4,4,4,4
LV8,LVTRP,S,4,4,4,4,4,4,4,4,4,4,4,4,4,4,4,4,4,4,4,4,4,4,4,4,4,4,4,4,4,4,4,4,4,4,4,4,4,4,4,4,4,4,4,4,4,4,4,4
LV9,LV10,S,4,4,4,4,4,4,4,4,4,4,4,4,4,4,4,4,4,4,4,4,4,4,4,4,4,4,4,4,4,4,4,4,4,4,4,4,4,4,4,4,4,4,4,4,4,4,4,4
LVC,C13,N,2,2,2,2,2,2,2,2,2,2,2,2,3,3,3,3,3,3,3,3,3,3,3,3,3,3,3,3,3,3,3,3,3,3,3,3,3,3,3,3,3,3,3,2,2,2,2,2
LVC,LV1,S,4,4,4,4,4,4,4,4,4,4,4,4,4,5,5,5,5,5,4,4,4,4,5,5,4,5,5,4,4,4,4,4,4,5,5,5,5,4,4,4,4,4,4,4,4,4,4,4
LVCC,CC13,N,2,2,2,2,2,2,2,2,2,2,2,2,3,3,3,3,3,3,3,3,3,3,3,3,3,3,3,3,3,3,3,3,3,3,3,3,3,3,3,3,3,3,3,2,2,2,2,2
LVCC,LV5,S,4,4,4,4,4,4,4,4,4,4,4,4,4,4,4,4,4,4,4,4,4,4,4,4,4,4,4,4,4,4,4,4,4,4,4,4,4,4,4,4,4,4,4,4,4,4,4,4
LVCM,CM12,N,2,2,2,2,2,2,2,2,2,2,2,2,3,3,3,3,3,3,3,3,3,3,3,3,3,3,3,3,3,3,3,3,3,3,3,3,3,3,3,3,3,3,3,2,2,2,2,2
LVCM,LV7,S,4,4,4,4,4,4,4,4,4,4,4,4,4,5,5,5,5,5,4,4,4,4,5,5,4,5,5,4,4,4,4,4,4,5,5,5,5,4,4,4,4,4,4,4,4,4,4,4
LVCN,CN12,N,2,2,2,2,2,2,2,2,2,2,2,2,3,3,3,3,3,3,3,3,3,3,3,3,3,3,3,3,3,3,3,3,3,3,3,3,3,3,3,3,3,3,3,2,2,2,2,2
LVCN,LV15,S,4,4,4,4,4,4,4,4,4,4,4,4,4,5,5,5,5,5,4,4,4,4,5,5,4,5,5,4,4,4,4,4,4,5,5,5,5,4,4,4,4,4,4,4,4,4,4,4
LVGB,GB3,N,2,2,2,2,2,2,2,2,2,2,2,2,3,3,3,3,3,3,3,3,3,3,3,3,3,3,3,3,3,3,3,3,3,3,3,3,3,3,3,3,3,3,3,2,2,2,2,2
LVGB,LV24,S,4,4,4,4,4,4,4,4,4,4,4,4,4,4,4,4,4,4,4,4,4,4,4,4,4,4,4,4,4,4,4,4,4,4,4,4,4,4,4,4,4,4,4,4,4,4,4,4
LVGC,GC11,N,2,2,2,2,2,2,2,2,2,2,2,2,3,3,3,3,3,3,3,3,3,3,3,3,3,3,3,3,3,3,3,3,3,3,3,3,3,3,3,3,3,3,3,2,2,2,2,2
LVGC,LV20,S,4,4,4,4,4,4,4,4,4,4,4,4,4,6,6,6,6,5,5,5,5,6,6,6,6,6,5,5,4,4,4,4,4,5,5,5,5,4,4,4,4,4,4,4,4,4,4,4
LVJM,JM8,N,2,2,2,2,2,2,2,2,2,2,2,2,3,3,3,3,3,3,3,3,3,3,3,3,3,3,3,3,3,3,3,3,3,3,3,3,3,3,3,3,3,3,3,2,2,2,2,2
LVJM,LV22,S,4,4,4,4,4,4,4,4,4,4,4,4,4,5,5,5,5,5,4,4,4,5,5,5,5,5,5,4,4,4,4,4,4,5,5,5,5,5,4,4,4,4,4,4,4,4,4,4
LVMW,LV3,S,4,4,4,4,4,4,4,4,4,4,4,4,4,6,6,5,5,4,4,4,4,6,6,5,5,6,6,4,4,4,4,4,4,6,6,5,5,5,4,4,4,4,4,4,4,4,4,4
LVMW,MW12,N,2,2,2,2,2,2,2,2,2,2,2,2,3,3,3,3,3,3,3,3,3,3,3,3,3,3,3,3,3,3,3,3,3,3,3,3,3,3,3,3,3,3,3,2,2,2,2,2
LVPK,LV18,S,4,4,4,4,4,4,4,4,4,4,4,4,4,5,5,5,5,4,4,4,4,5,5,5,5,5,5,4,4,4,4,4,4,5,5,5,5,5,4,4,4,4,4,4,4,4,4,4
LVPK,PK10,N,2,2,2,2,2,2,2,2,2,2,2,2,3,3,3,3,3,3,3,3,3,3,3,3,3,3,3,3,3,3,3,3,3,3,3,3,3,3,3,3,3,3,3,2,2,2,2,2
LVTRP,LV9,S,4,4,4,4,4,4,4,4,4,4,4,4,4,4,4,4,4,4,4,4,4,4,4,4,4,4,4,4,4,4,4,4,4,4,4,4,4,4,4,4,4,4,4,4,4,4,4,4
LVTRP,TRP13,N,2,2,2,2,2,2,2,2,2,2,2,2,3,3,3,3,3,3,3,3,3,3,3,3,3,3,3,3,3,3,3,3,3,3,3,3,3,3,3,3,3,3,3,2,2,2,2,2
LVV,LV11,S,4,4,4,4,4,4,4,4,4,4,4,4,4,5,5,5,5,4,4,4,4,5,5,5,5,5,5,4,4,4,4,4,4,5,5,5,5,5,4,4,4,4,4,4,4,4,4,4
LVV,V12,N,2,2,2,2,2,2,2,2,2,2,2,2,3,3,3,3,3,3,3,3,3,3,3,3,3,3,3,3,3,3,3,3,3,3,3,3,3,3,3,3,3,3,3,2,2,2,2,2
LVVM,LV13,S,4,4,4,4,4,4,4,4,4,4,4,4,4,4,4,4,4,4,4,4,4,4,4,4,4,4,4,4,4,4,4,4,4,4,4,4,4,4,4,4,4,4,4,4,4,4,4,4
LVVM,VM13,N,2,2,2,2,2,2,2,2,2,2,2,2,3,3,3,3,3,3,3,3,3,3,3,3,3,3,3,3,3,3,3,3,3,3,3,3,3,3,3,3,3,3,3,2,2,2,2,2
ME1,ME2,S,4,4,4,4,4,4,4,4,4,4,4,4,4,6,6,6,6,6,6,4,4,6,6,5,5,6,6,5,4,4,4,4,4,6,6,6,6,5,4,4,4,4,4,4,4,4,4,4
ME10,MEV,S,8,8,8,8,8,8,8,8,8,8,8,8,8,12,12,12,12,12,12,8,8,12,12,10,10,12,12,10,8,8,8,8,8,12,12,12,12,10,8,8,8,8,8,8,8,8,8,8
ME11,ME12,S,6,6,6,6,6,6,6,6,6,6,6,6,6,6,6,6,6,6,6,6,6,6,6,6,6,6,6,6,6,6,6,6,6,6,6,6,6,6,6,6,6,6,6,6,6,6,6,6
ME12,MEVM,S,4,4,4,4,4,4,4,4,4,4,4,4,4,6,6,6,6,6,4,4,4,6,6,5,5,6,6,5,4,4,4,4,4,6,6,6,6,5,4,4,4,4,4,4,4,4,4,4
ME13,ME14,S,4,4,4,4,4,4,4,4,4,4,4,4,4,6,6,6,6,6,4,4,4,6,6,5,5,6,6,5,4,4,4,4,4,6,6,6,6,5,4,4,4,4,4,4,4,4,4,4
ME14,MECN,S,4,4,4,4,4,4,4,4,4,4,4,4,4,6,6,6,6,6,4,4,4,6,6,5,5,6,6,5,4,4,4,4,4,6,6,6,6,5,4,4,4,4,4,4,4,4,4,4
ME15,ME16,S,5,5,5,5,5,5,5,5,5,5,5,5,5,6,6,6,6,6,4,4,4,6,6,5,5,6,6,5,4,4,4,4,4,6,6,6,6,5,4,4,4,4,4,5,5,5,5,5
ME16,AVC11,S,4,4,4,4,4,4,4,4,4,4,4,4,4,6,6,6,6,6,4,4,4,6,6,5,5,6,6,5,4,4,4,4,4,6,6,6,6,5,4,4,4,4,4,4,4,4,4,4
ME17,MEC,S,4,4,4,4,4,4,4,4,4,4,4,4,4,6,6,6,6,6,4,4,4,6,6,5,5,6,6,5,4,4,4,4,4,6,6,6,6,5,4,4,4,4,4,4,4,4,4,4
ME18,ME17,S,4,4,4,4,4,4,4,4,4,4,4,4,4,6,6,6,6,6,4,4,4,6,6,5,5,6,6,5,4,4,4,4,4,6,6,6,6,5,4,4,4,4,4,4,4,4,4,4
ME19,MEPK,S,8,8,8,8,8,8,8,8,8,8,8,8,8,12,12,12,12,12,12,8,8,12,12,10,10,12,12,10,8,8,8,8,8,12,12,12,12,10,8,8,8,8,8,8,8,8,8,8
ME2,MEMW,S,4,4,4,4,4,4,4,4,4,4,4,4,4,6,6,6,6,6,6,4,4,6,6,5,5,6,6,5,4,4,4,4,4,6,6,6,6,5,4,4,4,4,4,4,4,4,4,4
ME20,ME19,S,4,4,4,4,4,4,4,4,4,4,4,4,4,6,6,6,6,6,6,4,4,6,6,5,5,6,6,5,4,4,4,4,4,6,6,6,6,5,4,4,4,4,4,4,4,4,4,4
ME21,MEGC,S,4,4,4,4,4,4,4,4,4,4,4,4,4,6,6,6,6,6,6,4,4,6,6,5,5,6,6,5,4,4,4,4,4,6,6,6,6,5,4,4,4,4,4,4,4,4,4,4
ME22,ME21,S,4,4,4,4,4,4,4,4,4,4,4,4,4,6,6,6,6,6,6,4,4,6,6,5,5,6,6,5,4,4,4,4,4,6,6,6,6,5,4,4,4,4,4,4,4,4,4,4
ME23,MEJM,S,4,4,4,4,4,4,4,4,4,4,4,4,4,6,6,6,6,6,6,4,4,6,6,5,5,6,6,5,4,4,4,4,4,6,6,6,6,5,4,4,4,4,4,4,4,4,4,4
ME24,ME23,S,4,4,4,4,4,4,4,4,4,4,4,4,4,6,6,6,6,6,6,4,4,6,6,5,5,6,6,5,4,4,4,4,4,6,6,6,6,5,4,4,4,4,4,4,4,4,4,4
ME25,MEPJC,S,3,3,3,3,3,3,3,3,3,3,3,3,3,6,6,6,6,6,6,4,4,6,6,5,5,6,6,5,4,4,4,4,4,6,6,6,6,5,4,4,4,4,4,3,3,3,3,3
ME26,ME25,S,3,3,3,3,3,3,3,3,3,3,3,3,3,6,6,6,6,6,6,4,4,6,6,5,5,6,6,5,4,4,4,4,4,6,6,6,6,5,4,4,4,4,4,3,3,3,3,3
ME3,ME4,S,4,4,4,4,4,4,4,4,4,4,4,4,4,6,6,6,6,6,6,4,4,6,6,5,5,6,6,5,4,4,4,4,4,6,6,6,6,5,4,4,4,4,4,4,4,4,4,4
ME4,MECC,S,8,8,8,8,8,8,8,8,8,8,8,8,8,12,12,12,12,12,12,8,8,12,12,10,10,12,12,10,8,8,8,8,8,12,12,12,12,10,8,8,8,8,8,8,8,8,8,8
ME5,ME6,S,4,4,4,4,4,4,4,4,4,4,4,4,4,6,6,6,6,6,6,4,4,6,6,5,5,6,6,5,4,4,4,4,4,6,6,6,6,5,4,4,4,4,4,4,4,4,4,4
ME6,MECM,S,4,4,4,4,4,4,4,4,4,4,4,4,4,6,6,6,6,6,6,4,4,6,6,5,5,6,6,5,4,4,4,4,4,6,6,6,6,5,4,4,4,4,4,4,4,4,4,4
ME7,ME8,S,4,4,4,4,4,4,4,4,4,4,4,4,4,6,6,6,6,6,6,4,4,6,6,5,5,6,6,5,4,4,4,4,4,6,6,6,6,5,4,4,4,4,4,4,4,4,4,4
ME8,METRP,S,4,4,4,4,4,4,4,4,4,4,4,4,4,6,6,6,6,6,6,4,4,6,6,5,5,6,6,5,4,4,4,4,4,6,6,6,6,5,4,4,4,4,4,4,4,4,4,4
ME9,ME10,S,5,5,5,5,5,5,5,5,5,5,5,5,5,6,6,6,6,6,6,4,4,6,6,5,5,6,6,5,4,4,4,4,4,6,6,6,6,5,4,4,4,4,4,5,5,5,5,5
MEC,C9,N,2,2,2,2,2,2,2,2,2,2,2,2,3,3,3,3,3,3,3,3,3,3,3,3,3,3,3,3,3,3,3,3,3,3,3,3,3,3,3,3,3,3,3,2,2,2,2,2
MEC,ME1,S,4,4,4,4,4,4,4,4,4,4,4,4,4,6,6,6,6,6,6,4,4,6,6,5,5,6,6,5,4,4,4,4,4,6,6,6,6,5,4,4,4,4,4,4,4,4,4,4
MECC,CC9,N,2,2,2,2,2,2,2,2,2,2,2,2,3,3,3,3,3,3,3,3,3,3,3,3,3,3,3,3,3,3,3,3,3,3,3,3,3,3,3,3,3,3,3,2,2,2,2,2
MECC,ME5,S,4,4,4,4,4,4,4,4,4,4,4,4,4,6,6,6,6,6,6,4,4,6,6,5,5,6,6,5,4,4,4,4,4,6,6,6,6,5,4,4,4,4,4,4,4,4,4,4
MECM,CM8,N,2,2,2,2,2,2,2,2,2,2,2,2,3,3,3,3,3,3,3,3,3,3,3,3,3,3,3,3,3,3,3,3,3,3,3,3,3,3,3,3,3,3,3,2,2,2,2,2
MECM,ME7,S,4,4,4,4,4,4,4,4,4,4,4,4,4,6,6,6,6,6,6,4,4,6,6,5,5,6,6,5,4,4,4,4,4,6,6,6,6,5,4,4,4,4,4,4,4,4,4,4
MECN,CN8,N,2,2,2,2,2,2,2,2,2,2,2,2,3,3,3,3,3,3,3,3,3,3,3,3,3,3,3,3,3,3,3,3,3,3,3,3,3,3,3,3,3,3,3,2,2,2,2,2
MECN,ME15,S,4,4,4,4,4,4,4,4,4,4,4,4,4,6,6,6,6,6,6,4,4,6,6,5,5,6,6,5,4,4,4,4,4,6,6,6,6,5,4,4,4,4,4,4,4,4,4,4
MEGC,GC7,N,2,2,2,2,2,2,2,2,2,2,2,2,3,3,3,3,3,3,3,3,3,3,3,3,3,3,3,3,3,3,3,3,3,3,3,3,3,3,3,3,3,3,3,2,2,2,2,2
MEGC,ME20,S,4,4,4,4,4,4,4,4,4,4,4,4,4,6,6,6,6,6,6,4,4,6,6,5,5,6,6,5,4,4,4,4,4,6,6,6,6,5,4,4,4,4,4,4,4,4,4,4
MEJM,JM4,N,2,2,2,2,2,2,2,2,2,2,2,2,3,3,3,3,3,3,3,3,3,3,3,3,3,3,3,3,3,3,3,3,3,3,3,3,3,3,3,3,3,3,3,2,2,2,2,2
MEJM,ME22,S,4,4,4,4,4,4,4,4,4,4,4,4,4,6,6,6,6,6,6,4,4,6,6,5,5,6,6,5,4,4,4,4,4,6,6,6,6,5,4,4,4,4,4,4,4,4,4,4
MEMW,ME3,S,4,4,4,4,4,4,4,4,4,4,4,4,4,6,6,6,6,6,6,4,4,6,6,5,5,6,6,5,4,4,4,4,4,6,6,6,6,5,4,4,4,4,4,4,4,4,4,4
MEMW,MW8,N,2,2,2,2,2,2,2,2,2,2,2,2,3,3,3,3,3,3,3,3,3,3,3,3,3,3,3,3,3,3,3,3,3,3,3,3,3,3,3,3,3,3,3,2,2,2,2,2
MEPJC,ME24,S,4,4,4,4,4,4,4,4,4,4,4,4,4,6,6,6,6,6,6,4,4,6,6,5,5,6,6,5,4,4,4,4,4,6,6,6,6,5,4,4,4,4,4,4,4,4,4,4
MEPJC,PJC4,N,2,2,2,2,2,2,2,2,2,2,2,2,3,3,3,3,3,3,3,3,3,3,3,3,3,3,3,3,3,3,3,3,3,3,3,3,3,3,3,3,3,3,3,2,2,2,2,2
MEPK,ME18,S,4,4,4,4,4,4,4,4,4,4,4,4,4,6,6,6,6,6,6,4,4,6,6,5,5,6,6,5,4,4,4,4,4,6,6,6,6,5,4,4,4,4,4,4,4,4,4,4
MEPK,PK6,N,2,2,2,2,2,2,2,2,2,2,2,2,3,3,3,3,3,3,3,3,3,3,3,3,3,3,3,3,3,3,3,3,3,3,3,3,3,3,3,3,3,3,3,2,2,2,2,2
METRP,ME9,S,4,4,4,4,4,4,4,4,4,4,4,4,4,6,6,6,6,6,6,4,4,6,6,5,5,6,6,5,4,4,4,4,4,6,6,6,6,5,4,4,4,4,4,4,4,4,4,4
METRP,TRP9,N,2,2,2,2,2,2,2,2,2,2,2,2,3,3,3,3,3,3,3,3,3,3,3,3,3,3,3,3,3,3,3,3,3,3,3,3,3,3,3,3,3,3,3,2,2,2,2,2
MEV,ME11,S,4,4,4,4,4,4,4,4,4,4,4,4,4,6,6,6,6,6,6,4,4,6,6,5,5,6,6,5,4,4,4,4,4,6,6,6,6,5,4,4,4,4,4,4,4,4,4,4
MEV,V8,N,2,2,2,2,2,2,2,2,2,2,2,2,3,3,3,3,3,3,3,3,3,3,3,3,3,3,3,3,3,3,3,3,3,3,3,3,3,3,3,3,3,3,3,2,2,2,2,2
MEVM,ME13,S,4,4,4,4,4,4,4,4,4,4,4,4,4,6,6,6,6,6,6,4,4,6,6,5,5,6,6,5,4,4,4,4,4,6,6,6,6,5,4,4,4,4,4,4,4,4,4,4
MEVM,VM9,N,2,2,2,2,2,2,2,2,2,2,2,2,3,3,3,3,3,3,3,3,3,3,3,3,3,3,3,3,3,3,3,3,3,3,3,3,3,3,3,3,3,3,3,2,2,2,2,2
MW1,RCOS6,N,2,2,2,2,2,2,2,2,2,2,2,2,3,3,3,3,3,3,3,3,3,3,3,3,3,3,3,3,3,3,3,3,3,3,3,3,3,3,3,3,3,3,3,2,2,2,2,2
MW10,MW9,N,2,2,2,2,2,2,2,2,2,2,2,2,3,13,13,4,4,4,3,3,3,13,13,4,3,3,3,3,3,3,3,3,3,13,13,4,3,3,3,3,3,3,3,2,2,2,2,2
MW11,CALMW,N,2,2,2,2,2,2,2,2,2,2,2,2,3,13,13,4,4,4,3,3,3,13,13,4,3,3,3,3,3,3,3,3,3,13,13,4,3,3,3,3,3,3,3,2,2,2,2,2
MW12,MW11,N,2,2,2,2,2,2,2,2,2,2,2,2,3,13,13,4,4,4,3,3,3,13,13,4,3,3,3,3,3,3,3,3,3,13,13,4,3,3,3,3,3,3,3,2,2,2,2,2
MW13,LVMW,N,2,2,2,2,2,2,2,2,2,2,2,2,3,12,12,4,4,4,3,3,3,12,12,4,3,3,3,3,3,3,3,3,3,12,12,4,3,3,3,3,3,3,3,2,2,2,2,2
MW14,MW13,N,2,2,2,2,2,2,2,2,2,2,2,2,3,12,12,4,4,4,3,3,3,12,12,4,3,3,3,3,3,3,3,3,3,12,12,4,3,3,3,3,3,3,3,2,2,2,2,2
MW15,IMW,N,2,2,2,2,2,2,2,2,2,2,2,2,3,3,3,3,3,3,3,3,3,3,3,3,3,3,3,3,3,3,3,3,3,3,3,3,3,3,3,3,3,3,3,2,2,2,2,2
MW16,MW15,N,2,2,2,2,2,2,2,2,2,2,2,2,3,3,3,3,3,3,3,3,3,3,3,3,3,3,3,3,3,3,3,3,3,3,3,3,3,3,3,3,3,3,3,2,2,2,2,2
MW17,HMW,N,2,2,2,2,2,2,2,2,2,2,2,2,3,3,3,3,3,3,3,3,3,3,3,3,3,3,3,3,3,3,3,3,3,3,3,3,3,3,3,3,3,3,3,2,2,2,2,2
MW18,MW17,N,2,2,2,2,2,2,2,2,2,2,2,2,3,3,3,3,3,3,3,3,3,3,3,3,3,3,3,3,3,3,3,3,3,3,3,3,3,3,3,3,3,3,3,2,2,2,2,2
MW2,MW1,N,2,2,2,2,2,2,2,2,2,2,2,2,3,3,3,3,3,3,3,3,3,3,3,3,3,3,3,3,3,3,3,3,3,3,3,3,3,3,3,3,3,3,3,2,2,2,2,2
MW3,AMW,N,2,2,2,2,2,2,2,2,2,2,2,2,3,4,4,4,3,3,3,3,3,4,4,4,3,4,4,4,3,3,3,3,4,4,4,3,3,3,3,3,3,3,3,2,2,2,2,2
MW4,MW3,N,2,2,2,2,2,2,2,2,2,2,2,2,3,3,3,3,3,3,3,3,3,3,3,3,3,3,3,3,3,3,3,3,3,3,3,3,3,3,3,3,3,3,3,2,2,2,2,2
MW5,GAMW,N,2,2,2,2,2,2,2,2,2,2,2,2,3,4,4,4,3,3,3,3,3,4,4,4,3,4,4,4,3,3,3,3,4,4,4,3,3,3,3,3,3,3,3,2,2,2,2,2
MW6,MW5,N,2,2,2,2,2,2,2,2,2,2,2,2,3,3,3,3,3,3,3,3,3,3,3,3,3,3,3,3,3,3,3,3,3,3,3,3,3,3,3,3,3,3,3,2,2,2,2,2
MW7,JLMMW,N,2,2,2,2,2,2,2,2,2,2,2,2,3,3,3,3,3,3,3,3,3,3,3,3,3,3,3,3,3,3,3,3,3,3,3,3,3,3,3,3,3,3,3,2,2,2,2,2
MW8,MW7,N,2,2,2,2,2,2,2,2,2,2,2,2,3,12,12,4,4,4,3,3,3,12,12,4,3,3,3,3,3,3,3,3,3,12,12,4,3,3,3,3,3,3,3,2,2,2,2,2
MW9,MEMW,N,2,2,2,2,2,2,2,2,2,2,2,2,3,13,13,4,4,4,3,3,3,13,13,4,3,3,3,3,3,3,3,3,3,13,13,4,3,3,3,3,3,3,3,2,2,2,2,2
NAVC1,AVC17,N,2,2,2,2,2,2,2,2,2,2,2,2,3,3,3,3,3,3,3,3,3,3,3,3,3,3,3,3,3,3,3,3,3,3,3,3,3,3,3,3,3,3,3,2,2,2,2,2
NAVC10,AVC4,N,2,2,2,2,2,2,2,2,2,2,2,2,3,3,3,3,3,3,3,3,3,3,3,3,3,3,3,3,3,3,3,3,3,3,3,3,3,3,3,3,3,3,3,2,2,2,2,2
NAVC11,AVC6,N,2,2,2,2,2,2,2,2,2,2,2,2,3,3,3,3,3,3,3,3,3,3,3,3,3,3,3,3,3,3,3,3,3,3,3,3,3,3,3,3,3,3,3,2,2,2,2,2
NAVC12,AVC8,N,2,2,2,2,2,2,2,2,2,2,2,2,3,3,3,3,3,3,3,3,3,3,3,3,3,3,3,3,3,3,3,3,3,3,3,3,3,3,3,3,3,3,3,2,2,2,2,2
NAVC13,AVC10,N,2,2,2,2,2,2,2,2,2,2,2,2,3,3,3,3,3,3,3,3,3,3,3,3,3,3,3,3,3,3,3,3,3,3,3,3,3,3,3,3,3,3,3,2,2,2,2,2
NAVC14,AVC12,N,2,2,2,2,2,2,2,2,2,2,2,2,3,3,3,3,3,3,3,3,3,3,3,3,3,3,3,3,3,3,3,3,3,3,3,3,3,3,3,3,3,3,3,2,2,2,2,2
NAVC15,AVC14,N,2,2,2,2,2,2,2,2,2,2,2,2,3,3,3,3,3,3,3,3,3,3,3,3,3,3,3,3,3,3,3,3,3,3,3,3,3,3,3,3,3,3,3,2,2,2,2,2
NAVC16,AVC16,N,2,2,2,2,2,2,2,2,2,2,2,2,3,3,3,3,3,3,3,3,3,3,3,3,3,3,3,3,3,3,3,3,3,3,3,3,3,3,3,3,3,3,3,2,2,2,2,2
NAVC17,AVC18,N,2,2,2,2,2,2,2,2,2,2,2,2,3,3,3,3,3,3,3,3,3,3,3,3,3,3,3,3,3,3,3,3,3,3,3,3,3,3,3,3,3,3,3,2,2,2,2,2
NAVC18,AVC20,N,2,2,2,2,2,2,2,2,2,2,2,2,3,3,3,3,3,3,3,3,3,3,3,3,3,3,3,3,3,3,3,3,3,3,3,3,3,3,3,3,3,3,3,2,2,2,2,2
NAVC2,AVC15,N,2,2,2,2,2,2,2,2,2,2,2,2,3,3,3,3,3,3,3,3,3,3,3,3,3,3,3,3,3,3,3,3,3,3,3,3,3,3,3,3,3,3,3,2,2,2,2,2
NAVC3,AVC13,N,2,2,2,2,2,2,2,2,2,2,2,2,3,3,3,3,3,3,3,3,3,3,3,3,3,3,3,3,3,3,3,3,3,3,3,3,3,3,3,3,3,3,3,2,2,2,2,2
NAVC4,AVC11,N,2,2,2,2,2,2,2,2,2,2,2,2,3,3,3,3,3,3,3,3,3,3,3,3,3,3,3,3,3,3,3,3,3,3,3,3,3,3,3,3,3,3,3,2,2,2,2,2
NAVC5,AVC9,N,2,2,2,2,2,2,2,2,2,2,2,2,3,3,3,3,3,3,3,3,3,3,3,3,3,3,3,3,3,3,3,3,3,3,3,3,3,3,3,3,3,3,3,2,2,2,2,2
NAVC6,AVC7,N,2,2,2,2,2,2,2,2,2,2,2,2,3,3,3,3,3,3,3,3,3,3,3,3,3,3,3,3,3,3,3,3,3,3,3,3,3,3,3,3,3,3,3,2,2,2,2,2
NAVC7,AVC5,N,2,2,2,2,2,2,2,2,2,2,2,2,3,3,3,3,3,3,3,3,3,3,3,3,3,3,3,3,3,3,3,3,3,3,3,3,3,3,3,3,3,3,3,2,2,2,2,2
NAVC8,AVC3,N,2,2,2,2,2,2,2,2,2,2,2,2,3,3,3,3,3,3,3,3,3,3,3,3,3,3,3,3,3,3,3,3,3,3,3,3,3,3,3,3,3,3,3,2,2,2,2,2
NAVC9,AVC1,N,2,2,2,2,2,2,2,2,2,2,2,2,3,3,3,3,3,3,3,3,3,3,3,3,3,3,3,3,3,3,3,3,3,3,3,3,3,3,3,3,3,3,3,2,2,2,2,2
NAVI1,AVI31,N,2,2,2,2,2,2,2,2,2,2,2,2,3,3,3,3,3,3,3,3,3,3,3,3,3,3,3,3,3,3,3,3,3,3,3,3,3,3,3,3,3,3,3,2,2,2,2,2
NAVI10,AVI13,N,2,2,2,2,2,2,2,2,2,2,2,2,3,3,3,3,3,3,3,3,3,3,3,3,3,3,3,3,3,3,3,3,3,3,3,3,3,3,3,3,3,3,3,2,2,2,2,2
NAVI11,AVI11,N,2,2,2,2,2,2,2,2,2,2,2,2,3,3,3,3,3,3,3,3,3,3,3,3,3,3,3,3,3,3,3,3,3,3,3,3,3,3,3,3,3,3,3,2,2,2,2,2
NAVI12,AVI10,N,2,2,2,2,2,2,2,2,2,2,2,2,3,3,3,3,3,3,3,3,3,3,3,3,3,3,3,3,3,3,3,3,3,3,3,3,3,3,3,3,3,3,3,2,2,2,2,2
NAVI13,AVI8,N,2,2,2,2,2,2,2,2,2,2,2,2,3,3,3,3,3,3,3,3,3,3,3,3,3,3,3,3,3,3,3,3,3,3,3,3,3,3,3,3,3,3,3,2,2,2,2,2
NAVI14,AVI6,N,2,2,2,2,2,2,2,2,2,2,2,2,3,3,3,3,3,3,3,3,3,3,3,3,3,3,3,3,3,3,3,3,3,3,3,3,3,3,3,3,3,3,3,2,2,2,2,2
NAVI15,AVI4,N,2,2,2,2,2,2,2,2,2,2,2,2,3,3,3,3,3,3,3,3,3,3,3,3,3,3,3,3,3,3,3,3,3,3,3,3,3,3,3,3,3,3,3,2,2,2,2,2
NAVI16,AVI2,N,2,2,2,2,2,2,2,2,2,2,2,2,3,3,3,3,3,3,3,3,3,3,3,3,3,3,3,3,3,3,3,3,3,3,3,3,3,3,3,3,3,3,3,2,2,2,2,2
NAVI17,AVI1,N,2,2,2,2,2,2,2,2,2,2,2,2,3,3,3,3,3,3,3,3,3,3,3,3,3,3,3,3,3,3,3,3,3,3,3,3,3,3,3,3,3,3,3,2,2,2,2,2
NAVI19,AVI5,N,2,2,2,2,2,2,2,2,2,2,2,2,3,3,3,3,3,3,3,3,3,3,3,3,3,3,3,3,3,3,3,3,3,3,3,3,3,3,3,3,3,3,3,2,2,2,2,2
NAVI2,AVI29,N,2,2,2,2,2,2,2,2,2,2,2,2,3,3,3,3,3,3,3,3,3,3,3,3,3,3,3,3,3,3,3,3,3,3,3,3,3,3,3,3,3,3,3,2,2,2,2,2
NAVI20,AVI7,N,2,2,2,2,2,2,2,2,2,2,2,2,3,3,3,3,3,3,3,3,3,3,3,3,3,3,3,3,3,3,3,3,3,3,3,3,3,3,3,3,3,3,3,2,2,2,2,2
NAVI21,AVI9,N,2,2,2,2,2,2,2,2,2,2,2,2,3,3,3,3,3,3,3,3,3,3,3,3,3,3,3,3,3,3,3,3,3,3,3,3,3,3,3,3,3,3,3,2,2,2,2,2
NAVI22,AVI12,N,2,2,2,2,2,2,2,2,2,2,2,2,3,3,3,3,3,3,3,3,3,3,3,3,3,3,3,3,3,3,3,3,3,3,3,3,3,3,3,3,3,3,3,2,2,2,2,2
NAVI23,AVI14,N,2,2,2,2,2,2,2,2,2,2,2,2,3,3,3,3,3,3,3,3,3,3,3,3,3,3,3,3,3,3,3,3,3,3,3,3,3,3,3,3,3,3,3,2,2,2,2,2
NAVI24,AVI16,N,2,2,2,2,2,2,2,2,2,2,2,2,3,3,3,3,3,3,3,3,3,3,3,3,3,3,3,3,3,3,3,3,3,3,3,3,3,3,3,3,3,3,3,2,2,2,2,2
NAVI25,AVI18,N,2,2,2,2,2,2,2,2,2,2,2,2,3,3,3,3,3,3,3,3,3,3,3,3,3,3,3,3,3,3,3,3,3,3,3,3,3,3,3,3,3,3,3,2,2,2,2,2
NAVI26,AVI20,N,2,2,2,2,2,2,2,2,2,2,2,2,3,3,3,3,3,3,3,3,3,3,3,3,3,3,3,3,3,3,3,3,3,3,3,3,3,3,3,3,3,3,3,2,2,2,2,2
NAVI27,AVI22,N,2,2,2,2,2,2,2,2,2,2,2,2,3,3,3,3,3,3,3,3,3,3,3,3,3,3,3,3,3,3,3,3,3,3,3,3,3,3,3,3,3,3,3,2,2,2,2,2
NAVI28,AVI24,N,2,2,2,2,2,2,2,2,2,2,2,2,3,3,3,3,3,3,3,3,3,3,3,3,3,3,3,3,3,3,3,3,3,3,3,3,3,3,3,3,3,3,3,2,2,2,2,2
NAVI29,AVI26,N,2,2,2,2,2,2,2,2,2,2,2,2,3,3,3,3,3,3,3,3,3,3,3,3,3,3,3,3,3,3,3,3,3,3,3,3,3,3,3,3,3,3,3,2,2,2,2,2
NAVI3,AVI27,N,2,2,2,2,2,2,2,2,2,2,2,2,3,3,3,3,3,3,3,3,3,3,3,3,3,3,3,3,3,3,3,3,3,3,3,3,3,3,3,3,3,3,3,2,2,2,2,2
NAVI30,AVI28,N,2,2,2,2,2,2,2,2,2,2,2,2,3,3,3,3,3,3,3,3,3,3,3,3,3,3,3,3,3,3,3,3,3,3,3,3,3,3,3,3,3,3,3,2,2,2,2,2
NAVI31,AVI30,N,2,2,2,2,2,2,2,2,2,2,2,2,3,3,3,3,3,3,3,3,3,3,3,3,3,3,3,3,3,3,3,3,3,3,3,3,3,3,3,3,3,3,3,2,2,2,2,2
NAVI32,AVI32,N,2,2,2,2,2,2,2,2,2,2,2,2,3,3,3,3,3,3,3,3,3,3,3,3,3,3,3,3,3,3,3,3,3,3,3,3,3,3,3,3,3,3,3,2,2,2,2,2
NAVI33,AVI34,N,2,2,2,2,2,2,2,2,2,2,2,2,3,3,3,3,3,3,3,3,3,3,3,3,3,3,3,3,3,3,3,3,3,3,3,3,3,3,3,3,3,3,3,2,2,2,2,2
NAVI4,AVI25,N,2,2,2,2,2,2,2,2,2,2,2,2,3,3,3,3,3,3,3,3,3,3,3,3,3,3,3,3,3,3,3,3,3,3,3,3,3,3,3,3,3,3,3,2,2,2,2,2
NAVI5,AVI23,N,2,2,2,2,2,2,2,2,2,2,2,2,3,3,3,3,3,3,3,3,3,3,3,3,3,3,3,3,3,3,3,3,3,3,3,3,3,3,3,3,3,3,3,2,2,2,2,2
NAVI6,AVI21,N,2,2,2,2,2,2,2,2,2,2,2,2,3,3,3,3,3,3,3,3,3,3,3,3,3,3,3,3,3,3,3,3,3,3,3,3,3,3,3,3,3,3,3,2,2,2,2,2
NAVI7,AVI19,N,2,2,2,2,2,2,2,2,2,2,2,2,3,3,3,3,3,3,3,3,3,3,3,3,3,3,3,3,3,3,3,3,3,3,3,3,3,3,3,3,3,3,3,2,2,2,2,2
NAVI8,AVI17,N,2,2,2,2,2,2,2,2,2,2,2,2,3,3,3,3,3,3,3,3,3,3,3,3,3,3,3,3,3,3,3,3,3,3,3,3,3,3,3,3,3,3,3,2,2,2,2,2
NAVI9,AVI15,N,2,2,2,2,2,2,2,2,2,2,2,2,3,3,3,3,3,3,3,3,3,3,3,3,3,3,3,3,3,3,3,3,3,3,3,3,3,3,3,3,3,3,3,2,2,2,2,2
PG1,PG2,N,2,2,2,2,2,2,2,2,2,2,2,2,2,2,2,2,2,2,2,2,2,2,2,2,2,2,2,2,2,2,2,2,2,2,2,2,2,2,2,2,2,2,2,2,2,2,2,2
PG2,PGPJC,N,2,2,2,2,2,2,2,2,2,2,2,2,2,2,2,2,2,2,2,2,2,2,2,2,2,2,2,2,2,2,2,2,2,2,2,2,2,2,2,2,2,2,2,2,2,2,2,2
PG3,PG4,N,2,2,2,2,2,2,2,2,2,2,2,2,2,2,2,2,2,2,2,2,2,2,2,2,2,2,2,2,2,2,2,2,2,2,2,2,2,2,2,2,2,2,2,2,2,2,2,2
PG4,APG,N,2,2,2,2,2,2,2,2,2,2,2,2,2,2,2,2,2,2,2,2,2,2,2,2,2,2,2,2,2,2,2,2,2,2,2,2,2,2,2,2,2,2,2,2,2,2,2,2
PGPJC,PG3,N,2,2,2,2,2,2,2,2,2,2,2,2,2,2,2,2,2,2,2,2,2,2,2,2,2,2,2,2,2,2,2,2,2,2,2,2,2,2,2,2,2,2,2,2,2,2,2,2
PGPJC,PJC10,N,2,2,2,2,2,2,2,2,2,2,2,2,2,2,2,2,2,2,2,2,2,2,2,2,2,2,2,2,2,2,2,2,2,2,2,2,2,2,2,2,2,2,2,2,2,2,2,2
PGSR,PG1,N,2,2,2,2,2,2,2,2,2,2,2,2,2,2,2,2,2,2,2,2,2,2,2,2,2,2,2,2,2,2,2,2,2,2,2,2,2,2,2,2,2,2,2,2,2,2,2,2
PGSR,SR5,N,2,2,2,2,2,2,2,2,2,2,2,2,2,2,2,2,2,2,2,2,2,2,2,2,2,2,2,2,2,2,2,2,2,2,2,2,2,2,2,2,2,2,2,2,2,2,2,2
PJC1,GAPJC,N,2,2,2,2,2,2,2,2,2,2,2,2,2,2,2,2,2,2,2,2,2,2,2,2,2,2,2,2,2,2,2,2,2,2,2,2,2,2,2,2,2,2,2,2,2,2,2,2
PJC10,PJC9,N,2,2,2,2,2,2,2,2,2,2,2,2,2,2,2,2,2,2,2,2,2,2,2,2,2,2,2,2,2,2,2,2,2,2,2,2,2,2,2,2,2,2,2,2,2,2,2,2
PJC11,PGPJC,N,2,2,2,2,2,2,2,2,2,2,2,2,2,2,2,2,2,2,2,2,2,2,2,2,2,2,2,2,2,2,2,2,2,2,2,2,2,2,2,2,2,2,2,2,2,2,2,2
PJC12,PJC11,N,2,2,2,2,2,2,2,2,2,2,2,2,2,2,2,2,2,2,2,2,2,2,2,2,2,2,2,2,2,2,2,2,2,2,2,2,2,2,2,2,2,2,2,2,2,2,2,2
PJC13,PWPJC,N,2,2,2,2,2,2,2,2,2,2,2,2,2,2,2,2,2,2,2,2,2,2,2,2,2,2,2,2,2,2,2,2,2,2,2,2,2,2,2,2,2,2,2,2,2,2,2,2
PJC14,PJC13,N,2,2,2,2,2,2,2,2,2,2,2,2,2,2,2,2,2,2,2,2,2,2,2,2,2,2,2,2,2,2,2,2,2,2,2,2,2,2,2,2,2,2,2,2,2,2,2,2
PJC15,AJ3,N,2,2,2,2,2,2,2,2,2,2,2,2,2,2,2,2,2,2,2,2,2,2,2,2,2,2,2,2,2,2,2,2,2,2,2,2,2,2,2,2,2,2,2,2,2,2,2,2
PJC16,AJ4,N,2,2,2,2,2,2,2,2,2,2,2,2,2,2,2,2,2,2,2,2,2,2,2,2,2,2,2,2,2,2,2,2,2,2,2,2,2,2,2,2,2,2,2,2,2,2,2,2
PJC17,PJC16,N,2,2,2,2,2,2,2,2,2,2,2,2,2,2,2,2,2,2,2,2,2,2,2,2,2,2,2,2,2,2,2,2,2,2,2,2,2,2,2,2,2,2,2,2,2,2,2,2
PJC18,CLCPJC,N,2,2,2,2,2,2,2,2,2,2,2,2,2,2,2,2,2,2,2,2,2,2,2,2,2,2,2,2,2,2,2,2,2,2,2,2,2,2,2,2,2,2,2,2,2,2,2,2
PJC19,PJC18,N,2,2,2,2,2,2,2,2,2,2,2,2,2,2,2,2,2,2,2,2,2,2,2,2,2,2,2,2,2,2,2,2,2,2,2,2,2,2,2,2,2,2,2,2,2,2,2,2
PJC2,PJCJM,N,2,2,2,2,2,2,2,2,2,2,2,2,2,2,2,2,2,2,2,2,2,2,2,2,2,2,2,2,2,2,2,2,2,2,2,2,2,2,2,2,2,2,2,2,2,2,2,2
PJC3,JLMPJC,N,2,2,2,2,2,2,2,2,2,2,2,2,2,2,2,2,2,2,2,2,2,2,2,2,2,2,2,2,2,2,2,2,2,2,2,2,2,2,2,2,2,2,2,2,2,2,2,2
PJC4,PJC3,N,2,2,2,2,2,2,2,2,2,2,2,2,2,2,2,2,2,2,2,2,2,2,2,2,2,2,2,2,2,2,2,2,2,2,2,2,2,2,2,2,2,2,2,2,2,2,2,2
PJC5,MEPJC,N,2,2,2,2,2,2,2,2,2,2,2,2,2,2,2,2,2,2,2,2,2,2,2,2,2,2,2,2,2,2,2,2,2,2,2,2,2,2,2,2,2,2,2,2,2,2,2,2
PJC6,PJC5,N,2,2,2,2,2,2,2,2,2,2,2,2,2,2,2,2,2,2,2,2,2,2,2,2,2,2,2,2,2,2,2,2,2,2,2,2,2,2,2,2,2,2,2,2,2,2,2,2
PJC7,CALPJC,N,2,2,2,2,2,2,2,2,2,2,2,2,2,2,2,2,2,2,2,2,2,2,2,2,2,2,2,2,2,2,2,2,2,2,2,2,2,2,2,2,2,2,2,2,2,2,2,2
PJC8,PJC7,N,2,2,2,2,2,2,2,2,2,2,2,2,2,2,2,2,2,2,2,2,2,2,2,2,2,2,2,2,2,2,2,2,2,2,2,2,2,2,2,2,2,2,2,2,2,2,2,2
PJC9,GEPJC,N,2,2,2,2,2,2,2,2,2,2,2,2,2,2,2,2,2,2,2,2,2,2,2,2,2,2,2,2,2,2,2,2,2,2,2,2,2,2,2,2,2,2,2,2,2,2,2,2
PJCJM,PJC1,N,2,2,2,2,2,2,2,2,2,2,2,2,2,2,2,2,2,2,2,2,2,2,2,2,2,2,2,2,2,2,2,2,2,2,2,2,2,2,2,2,2,2,2,2,2,2,2,2
PK1,APK,N,2,2,2,2,2,2,2,2,2,2,2,2,3,4,4,4,4,4,3,3,3,3,4,4,4,3,3,3,3,3,3,3,3,4,4,4,3,3,3,3,3,3,3,2,2,2,2,2
PK10,PK9,N,2,2,2,2,2,2,2,2,2,2,2,2,3,3,3,3,3,3,3,3,3,3,3,3,3,3,3,3,3,3,3,3,3,3,3,3,3,3,3,3,3,3,3,2,2,2,2,2
PK11,LVPK,N,2,2,2,2,2,2,2,2,2,2,2,2,3,4,4,4,4,4,3,3,3,3,4,4,4,3,3,3,3,3,3,3,3,4,4,4,3,3,3,3,3,3,3,2,2,2,2,2
PK12,PK11,N,2,2,2,2,2,2,2,2,2,2,2,2,3,3,3,3,3,3,3,3,3,3,3,3,3,3,3,3,3,3,3,3,3,3,3,3,3,3,3,3,3,3,3,2,2,2,2,2
PK13,IPK,N,2,2,2,2,2,2,2,2,2,2,2,2,3,4,4,4,4,4,3,3,3,3,4,4,4,3,3,3,3,3,3,3,3,4,4,4,3,3,3,3,3,3,3,2,2,2,2,2
PK14,PK13,N,2,2,2,2,2,2,2,2,2,2,2,2,3,3,3,3,3,3,3,3,3,3,3,3,3,3,3,3,3,3,3,3,3,3,3,3,3,3,3,3,3,3,3,2,2,2,2,2
PK15,HPK,N,2,2,2,2,2,2,2,2,2,2,2,2,3,4,4,4,4,4,3,3,3,3,4,4,4,3,3,3,3,3,3,3,3,4,4,4,3,3,3,3,3,3,3,2,2,2,2,2
PK16,PK15,N,2,2,2,2,2,2,2,2,2,2,2,2,3,3,3,3,3,3,3,3,3,3,3,3,3,3,3,3,3,3,3,3,3,3,3,3,3,3,3,3,3,3,3,2,2,2,2,2
PK2,PK1,N,2,2,2,2,2,2,2,2,2,2,2,2,3,3,3,3,3,3,3,3,3,3,3,3,3,3,3,3,3,3,3,3,3,3,3,3,3,3,3,3,3,3,3,2,2,2,2,2
PK3,GAPK,N,2,2,2,2,2,2,2,2,2,2,2,2,3,4,4,4,4,4,3,3,3,3,4,4,4,3,3,3,3,3,3,3,3,4,4,4,3,3,3,3,3,3,3,2,2,2,2,2
PK4,PK3,N,2,2,2,2,2,2,2,2,2,2,2,2,3,3,3,3,3,3,3,3,3,3,3,3,3,3,3,3,3,3,3,3,3,3,3,3,3,3,3,3,3,3,3,2,2,2,2,2
PK5,JLMPK,N,2,2,2,2,2,2,2,2,2,2,2,2,3,4,4,4,4,4,3,3,3,3,4,4,4,3,3,3,3,3,3,3,3,4,4,4,3,3,3,3,3,3,3,2,2,2,2,2
PK6,PK5,N,2,2,2,2,2,2,2,2,2,2,2,2,3,3,3,3,3,3,3,3,3,3,3,3,3,3,3,3,3,3,3,3,3,3,3,3,3,3,3,3,3,3,3,2,2,2,2,2
PK7,MEPK,N,2,2,2,2,2,2,2,2,2,2,2,2,3,12,12,4,4,3,3,3,3,4,4,3,3,3,3,3,3,3,3,3,3,4,4,3,3,3,3,3,3,3,3,2,2,2,2,2
PK8,PK7,N,2,2,2,2,2,2,2,2,2,2,2,2,3,12,12,4,4,3,3,3,3,4,4,3,3,3,3,3,3,3,3,3,3,4,4,3,3,3,3,3,3,3,3,2,2,2,2,2
PK9,CALPK,N,2,2,2,2,2,2,2,2,2,2,2,2,3,4,4,4,4,3,3,3,3,4,4,4,3,3,3,3,3,3,3,3,3,3,3,3,3,3,3,3,3,3,3,2,2,2,2,2
PW1,PWSR,N,2,2,2,2,2,2,2,2,2,2,2,2,2,2,2,2,2,2,2,2,2,2,2,2,2,2,2,2,2,2,2,2,2,2,2,2,2,2,2,2,2,2,2,2,2,2,2,2
PW2,PW1,N,2,2,2,2,2,2,2,2,2,2,2,2,2,2,2,2,2,2,2,2,2,2,2,2,2,2,2,2,2,2,2,2,2,2,2,2,2,2,2,2,2,2,2,2,2,2,2,2
PW3,PWPJC,N,2,2,2,2,2,2,2,2,2,2,2,2,2,2,2,2,2,2,2,2,2,2,2,2,2,2,2,2,2,2,2,2,2,2,2,2,2,2,2,2,2,2,2,2,2,2,2,2
PW4,PW3,N,2,2,2,2,2,2,2,2,2,2,2,2,2,2,2,2,2,2,2,2,2,2,2,2,2,2,2,2,2,2,2,2,2,2,2,2,2,2,2,2,2,2,2,2,2,2,2,2
PWPJC,PJC12,N,2,2,2,2,2,2,2,2,2,2,2,2,2,2,2,2,2,2,2,2,2,2,2,2,2,2,2,2,2,2,2,2,2,2,2,2,2,2,2,2,2,2,2,2,2,2,2,2
PWPJC,PW2,N,2,2,2,2,2,2,2,2,2,2,2,2,2,2,2,2,2,2,2,2,2,2,2,2,2,2,2,2,2,2,2,2,2,2,2,2,2,2,2,2,2,2,2,2,2,2,2,2
PWSR,SR6,N,2,2,2,2,2,2,2,2,2,2,2,2,2,2,2,2,2,2,2,2,2,2,2,2,2,2,2,2,2,2,2,2,2,2,2,2,2,2,2,2,2,2,2,2,2,2,2,2
PYU1,PYU2,N,1,1,1,1,1,1,1,1,1,1,1,1,1,1,1,1,1,1,1,1,1,1,1,1,1,1,1,1,1,1,1,1,1,1,1,1,1,1,1,1,1,1,1,1,1,1,1,1
PYU2,AVF2,N,2,2,2,2,2,2,2,2,2,2,2,2,2,2,2,2,2,2,2,2,2,2,2,2,2,2,2,2,2,2,2,2,2,2,2,2,2,2,2,2,2,2,2,2,2,2,2,2
PYU2,AVC19,N,2,2,2,2,2,2,2,2,2,2,2,2,2,2,2,2,2,2,2,2,2,2,2,2,2,2,2,2,2,2,2,2,2,2,2,2,2,2,2,2,2,2,2,2,2,2,2,2
RC1,RC2,N,2,2,2,2,2,2,2,2,2,2,2,2,3,3,3,3,3,3,3,3,3,3,3,3,3,3,3,3,3,3,3,3,3,3,3,3,3,3,3,3,3,3,3,2,2,2,2,2
RC2,AJ8,N,2,2,2,2,2,2,2,2,2,2,2,2,3,3,3,3,3,3,3,3,3,3,3,3,3,3,3,3,3,3,3,3,3,3,3,3,3,3,3,3,3,3,3,2,2,2,2,2
RCOS1,AVF15,N,1,1,1,1,1,1,1,1,1,1,1,1,1,1,1,1,1,1,1,1,1,1,1,1,1,1,1,1,1,1,1,1,1,1,1,1,1,1,1,1,1,1,1,1,1,1,1,1
RCOS2,RCOS3,N,1,1,1,1,1,1,1,1,1,1,1,1,1,1,1,1,1,1,1,1,1,1,1,1,1,1,1,1,1,1,1,1,1,1,1,1,1,1,1,1,1,1,1,1,1,1,1,1
RCOS3,RCOS4,N,1,1,1,1,1,1,1,1,1,1,1,1,1,1,1,1,1,1,1,1,1,1,1,1,1,1,1,1,1,1,1,1,1,1,1,1,1,1,1,1,1,1,1,1,1,1,1,1
RCOS4,RCOS5,N,1,1,1,1,1,1,1,1,1,1,1,1,1,1,1,1,1,1,1,1,1,1,1,1,1,1,1,1,1,1,1,1,1,1,1,1,1,1,1,1,1,1,1,1,1,1,1,1
RCOS5,RCOS6,N,1,1,1,1,1,1,1,1,1,1,1,1,1,1,1,1,1,1,1,1,1,1,1,1,1,1,1,1,1,1,1,1,1,1,1,1,1,1,1,1,1,1,1,1,1,1,1,1
RCOS6,RCOS1,N,1,1,1,1,1,1,1,1,1,1,1,1,1,1,1,1,1,1,1,1,1,1,1,1,1,1,1,1,1,1,1,1,1,1,1,1,1,1,1,1,1,1,1,1,1,1,1,1
ROSEX1,ROSEX2,N,1,1,1,1,1,1,1,1,1,1,1,1,1,1,1,1,1,1,1,1,1,1,1,1,1,1,1,1,1,1,1,1,1,1,1,1,1,1,1,1,1,1,1,1,1,1,1,1
ROSEX2,AVC2,N,1,1,1,1,1,1,1,1,1,1,1,1,1,1,1,1,1,1,1,1,1,1,1,1,1,1,1,1,1,1,1,1,1,1,1,1,1,1,1,1,1,1,1,1,1,1,1,1
ROSEX2,ROSEX3,N,1,1,1,1,1,1,1,1,1,1,1,1,1,1,1,1,1,1,1,1,1,1,1,1,1,1,1,1,1,1,1,1,1,1,1,1,1,1,1,1,1,1,1,1,1,1,1,1
ROSEX3,AVI33,N,1,1,1,1,1,1,1,1,1,1,1,1,1,1,1,1,1,1,1,1,1,1,1,1,1,1,1,1,1,1,1,1,1,1,1,1,1,1,1,1,1,1,1,1,1,1,1,1
SR1,SR2,N,2,2,2,2,2,2,2,2,2,2,2,2,3,3,3,3,3,3,3,3,3,3,3,3,3,3,3,3,3,3,3,3,3,3,3,3,3,3,3,3,3,3,3,2,2,2,2,2
SR10,AVI4,N,2,2,2,2,2,2,2,2,2,2,2,2,3,3,3,3,3,3,3,3,3,3,3,3,3,3,3,3,3,3,3,3,3,3,3,3,3,3,3,3,3,3,3,2,2,2,2,2
SR2,GESR,N,2,2,2,2,2,2,2,2,2,2,2,2,3,3,3,3,3,3,3,3,3,3,3,3,3,3,3,3,3,3,3,3,3,3,3,3,3,3,3,3,3,3,3,2,2,2,2,2
SR3,SR4,N,2,2,2,2,2,2,2,2,2,2,2,2,3,3,3,3,3,3,3,3,3,3,3,3,3,3,3,3,3,3,3,3,3,3,3,3,3,3,3,3,3,3,3,2,2,2,2,2
SR4,PGSR,N,2,2,2,2,2,2,2,2,2,2,2,2,3,3,3,3,3,3,3,3,3,3,3,3,3,3,3,3,3,3,3,3,3,3,3,3,3,3,3,3,3,3,3,2,2,2,2,2
SR5,ISR,N,2,2,2,2,2,2,2,2,2,2,2,2,3,3,3,3,3,3,3,3,3,3,3,3,3,3,3,3,3,3,3,3,3,3,3,3,3,3,3,3,3,3,3,2,2,2,2,2
SR6,SR7,N,2,2,2,2,2,2,2,2,2,2,2,2,3,3,3,3,3,3,3,3,3,3,3,3,3,3,3,3,3,3,3,3,3,3,3,3,3,3,3,3,3,3,3,2,2,2,2,2
SR7,AJ5,N,2,2,2,2,2,2,2,2,2,2,2,2,3,3,3,3,3,3,3,3,3,3,3,3,3,3,3,3,3,3,3,3,3,3,3,3,3,3,3,3,3,3,3,2,2,2,2,2
SR8,AJ6,N,2,2,2,2,2,2,2,2,2,2,2,2,3,3,3,3,3,3,3,3,3,3,3,3,3,3,3,3,3,3,3,3,3,3,3,3,3,3,3,3,3,3,3,2,2,2,2,2
SR9,SR10,N,2,2,2,2,2,2,2,2,2,2,2,2,3,3,3,3,3,3,3,3,3,3,3,3,3,3,3,3,3,3,3,3,3,3,3,3,3,3,3,3,3,3,3,2,2,2,2,2
TRP1,TRP2,N,2,2,2,2,2,2,2,2,2,2,2,2,3,4,4,3,3,3,3,3,3,4,4,3,3,4,4,3,3,3,3,3,3,6,6,6,6,6,3,3,3,3,3,2,2,2,2,2
TRP10,CALTRP,N,2,2,2,2,2,2,2,2,2,2,2,2,3,13,13,4,4,4,3,3,3,3,3,3,3,3,3,3,3,3,3,3,3,3,3,3,3,3,3,3,3,2,2,2,2,2,2,2
TRP11,TRP12,N,2,2,2,2,2,2,2,2,2,2,2,2,3,11,11,4,4,4,3,3,3,3,3,3,3,3,3,3,3,3,3,3,3,3,3,3,3,3,3,3,3,2,2,2,2,2,2,2
TRP12,LVTRP,N,2,2,2,2,2,2,2,2,2,2,2,2,3,3,3,3,3,3,3,3,3,3,3,3,3,3,3,3,3,3,3,3,3,3,3,3,3,3,3,3,3,2,2,2,2,2,2,2
TRP13,TRP14,N,2,2,2,2,2,2,2,2,2,2,2,2,3,3,3,3,3,3,3,3,3,3,3,3,3,3,3,3,3,3,3,3,3,3,3,3,3,3,3,3,3,2,2,2,2,2,2,2
TRP14,ITRP,N,2,2,2,2,2,2,2,2,2,2,2,2,3,3,3,3,3,3,3,3,3,3,3,3,3,3,3,3,3,3,3,3,3,3,3,3,3,3,3,3,3,2,2,2,2,2,2,2
TRP15,TRP16,N,2,2,2,2,2,2,2,2,2,2,2,2,3,3,3,3,3,3,3,3,3,3,3,3,3,3,3,3,3,3,3,3,3,3,3,3,3,3,3,3,3,2,2,2,2,2,2,2
TRP16,HTRP,N,2,2,2,2,2,2,2,2,2,2,2,2,3,3,3,3,3,3,3,3,3,3,3,3,3,3,3,3,3,3,3,3,3,3,3,3,3,3,3,3,3,2,2,2,2,2,2,2
TRP17,TRP18,N,2,2,2,2,2,2,2,2,2,2,2,2,3,3,3,3,3,3,3,3,3,3,3,3,3,3,3,3,3,3,3,3,3,3,3,3,3,3,3,3,3,2,2,2,2,2,2,2
TRP18,AVI25,N,2,2,2,2,2,2,2,2,2,2,2,2,3,3,3,3,3,3,3,3,3,3,3,3,3,3,3,3,3,3,3,3,3,3,3,3,3,3,3,3,3,2,2,2,2,2,2,2
TRP2,ATRP,N,2,2,2,2,2,2,2,2,2,2,2,2,3,8,8,4,4,4,3,3,3,3,3,3,3,3,3,3,3,3,3,3,3,3,3,3,3,3,3,3,3,3,3,2,2,2,2,2
TRP3,TRP4,N,2,2,2,2,2,2,2,2,2,2,2,2,3,10,10,4,4,4,3,3,3,3,3,3,3,3,3,3,3,3,3,3,3,3,3,3,3,3,3,3,3,3,3,2,2,2,2,2
TRP4,GATRP,N,2,2,2,2,2,2,2,2,2,2,2,2,3,4,3,4,3,3,3,3,3,4,3,3,3,4,3,3,3,3,3,3,3,4,3,3,3,3,3,3,3,3,3,2,2,2,2,2
TRP5,TRP6,N,2,2,2,2,2,2,2,2,2,2,2,2,3,4,3,4,3,3,3,3,3,4,3,3,3,4,3,3,3,3,3,3,3,4,3,3,3,3,3,3,3,3,3,2,2,2,2,2
TRP6,JLMTRP,N,2,2,2,2,2,2,2,2,2,2,2,2,3,4,3,4,3,3,3,3,3,4,3,3,3,4,3,3,3,3,3,3,3,4,3,3,3,3,3,3,3,3,3,2,2,2,2,2
TRP7,TRP8,N,2,2,2,2,2,2,2,2,2,2,2,2,3,4,3,4,3,3,3,3,3,4,3,3,3,4,3,3,3,3,3,3,3,4,3,3,3,3,3,3,3,3,3,2,2,2,2,2
TRP8,METRP,N,2,2,2,2,2,2,2,2,2,2,2,2,3,4,3,4,3,3,3,3,3,4,3,3,3,4,3,3,3,3,3,3,3,4,3,3,3,3,3,3,3,3,3,2,2,2,2,2
TRP9,TRP10,N,2,2,2,2,2,2,2,2,2,2,2,2,3,11,11,4,4,4,3,3,3,3,3,3,3,3,3,3,3,3,3,3,3,3,3,3,3,3,3,3,3,3,3,2,2,2,2,2
V1,AVF7,N,2,2,2,2,2,2,2,2,2,2,2,2,3,3,3,3,3,3,3,3,3,3,3,3,3,3,3,3,3,3,3,3,3,3,3,3,3,3,3,3,3,3,3,2,2,2,2,2
V10,V9,N,2,2,2,2,2,2,2,2,2,2,2,2,3,4,4,4,3,3,3,3,3,4,4,3,3,3,3,3,3,3,3,3,3,4,4,4,3,3,3,3,3,3,3,2,2,2,2,2
V11,CALV,N,2,2,2,2,2,2,2,2,2,2,2,2,3,4,4,4,3,3,3,3,3,4,4,3,3,3,3,3,3,3,3,3,3,4,4,4,3,3,3,3,3,3,3,2,2,2,2,2
V12,V11,N,2,2,2,2,2,2,2,2,2,2,2,2,3,4,4,4,3,3,3,3,3,4,4,3,3,3,3,3,3,3,3,3,3,4,4,4,3,3,3,3,3,3,3,2,2,2,2,2
V13,LVV,N,2,2,2,2,2,2,2,2,2,2,2,2,3,4,4,4,3,3,3,3,3,4,4,3,3,3,3,3,3,3,3,3,3,4,4,4,3,3,3,3,3,3,3,2,2,2,2,2
V14,V13,N,2,2,2,2,2,2,2,2,2,2,2,2,3,4,4,4,3,3,3,3,3,4,4,3,3,3,3,3,3,3,3,3,3,4,4,4,3,3,3,3,3,3,3,2,2,2,2,2
V15,IV,N,2,2,2,2,2,2,2,2,2,2,2,2,3,4,4,4,3,3,3,3,3,4,4,3,3,3,3,3,3,3,3,3,3,4,4,4,3,3,3,3,3,3,3,2,2,2,2,2
V16,V15,N,2,2,2,2,2,2,2,2,2,2,2,2,3,3,3,3,3,3,3,3,3,3,3,3,3,3,3,3,3,3,3,3,3,3,3,3,3,3,3,3,3,3,3,2,2,2,2,2
V17,HV,N,2,2,2,2,2,2,2,2,2,2,2,2,3,3,3,3,3,3,3,3,3,3,3,3,3,3,3,3,3,3,3,3,3,3,3,3,3,3,3,3,3,3,3,2,2,2,2,2
V18,V17,N,2,2,2,2,2,2,2,2,2,2,2,2,3,3,3,3,3,3,3,3,3,3,3,3,3,3,3,3,3,3,3,3,3,3,3,3,3,3,3,3,3,3,3,2,2,2,2,2
V2,V1,N,2,2,2,2,2,2,2,2,2,2,2,2,3,3,3,3,3,3,3,3,3,3,3,3,3,3,3,3,3,3,3,3,3,3,3,3,3,3,3,3,3,3,3,2,2,2,2,2
V3,AV,N,2,2,2,2,2,2,2,2,2,2,2,2,3,4,4,4,3,3,3,3,3,4,4,3,3,4,4,3,3,3,3,3,3,4,4,4,3,3,3,3,3,3,3,2,2,2,2,2
V4,V3,N,2,2,2,2,2,2,2,2,2,2,2,2,3,4,4,4,3,3,3,3,3,4,4,3,3,4,4,3,3,3,3,3,3,4,4,4,3,3,3,3,3,3,3,2,2,2,2,2
V5,GAV,N,2,2,2,2,2,2,2,2,2,2,2,2,3,4,4,4,3,3,3,3,3,4,4,3,3,4,4,3,3,3,3,3,3,4,4,4,3,3,3,3,3,3,3,2,2,2,2,2
V6,V5,N,2,2,2,2,2,2,2,2,2,2,2,2,3,4,4,4,3,3,3,3,3,4,4,3,3,4,4,3,3,3,3,3,3,4,4,4,3,3,3,3,3,3,3,2,2,2,2,2
V7,JLMV,N,2,2,2,2,2,2,2,2,2,2,2,2,3,3,3,3,3,3,3,3,3,3,3,3,3,3,3,3,3,3,3,3,3,3,3,3,3,3,3,3,3,3,3,2,2,2,2,2
V8,V7,N,2,2,2,2,2,2,2,2,2,2,2,2,3,3,3,3,3,3,3,3,3,3,3,3,3,3,3,3,3,3,3,3,3,3,3,3,3,3,3,3,3,3,3,2,2,2,2,2
V9,MEV,N,2,2,2,2,2,2,2,2,2,2,2,2,3,3,3,3,3,3,3,3,3,3,3,3,3,3,3,3,3,3,3,3,3,3,3,3,3,3,3,3,3,3,3,2,2,2,2,2
VM1,VM2,N,2,2,2,2,2,2,2,2,2,2,2,2,3,3,3,3,3,3,3,3,3,3,3,3,3,3,3,3,3,3,3,3,3,3,3,3,3,3,3,3,3,3,3,2,2,2,2,2
VM10,CALVM,N,2,2,2,2,2,2,2,2,2,2,2,2,3,3,3,3,3,3,3,3,3,3,3,3,3,3,3,3,3,3,3,3,3,3,3,3,3,3,3,3,3,3,3,2,2,2,2,2
VM11,VM12,N,2,2,2,2,2,2,2,2,2,2,2,2,3,3,3,3,3,3,3,3,3,3,3,3,3,3,3,3,3,3,3,3,3,3,3,3,3,3,3,3,3,3,3,2,2,2,2,2
VM12,LVVM,N,2,2,2,2,2,2,2,2,2,2,2,2,3,3,3,3,3,3,3,3,3,3,3,3,3,3,3,3,3,3,3,3,3,3,3,3,3,3,3,3,3,3,3,2,2,2,2,2
VM13,VM14,N,2,2,2,2,2,2,2,2,2,2,2,2,3,4,4,4,4,3,3,3,3,4,4,3,3,4,4,3,3,3,3,3,3,4,4,4,3,3,3,3,3,3,3,2,2,2,2,2
VM14,IVM,N,2,2,2,2,2,2,2,2,2,2,2,2,3,3,3,3,3,3,3,3,3,3,3,3,3,3,3,3,3,3,3,3,3,3,3,3,3,3,3,3,3,3,3,2,2,2,2,2
VM15,VM16,N,2,2,2,2,2,2,2,2,2,2,2,2,3,4,4,4,4,3,3,3,3,4,4,3,3,4,4,3,3,3,3,3,3,4,4,4,3,3,3,3,3,3,3,2,2,2,2,2
VM16,HVM,N,2,2,2,2,2,2,2,2,2,2,2,2,3,3,3,3,3,3,3,3,3,3,3,3,3,3,3,3,3,3,3,3,3,3,3,3,3,3,3,3,3,3,3,2,2,2,2,2
VM17,VM18,N,2,2,2,2,2,2,2,2,2,2,2,2,3,4,4,4,4,3,3,3,3,4,4,3,3,4,4,3,3,3,3,3,3,4,4,4,3,3,3,3,3,3,3,2,2,2,2,2
VM18,AVI29,N,2,2,2,2,2,2,2,2,2,2,2,2,3,4,4,4,4,3,3,3,3,4,4,3,3,4,4,3,3,3,3,3,3,4,4,4,3,3,3,3,3,3,3,2,2,2,2,2
VM2,AVM,N,2,2,2,2,2,2,2,2,2,2,2,2,3,3,3,3,3,3,3,3,3,3,3,3,3,3,3,3,3,3,3,3,3,3,3,3,3,3,3,3,3,3,3,2,2,2,2,2
VM3,VM4,N,2,2,2,2,2,2,2,2,2,2,2,2,3,3,3,3,3,3,3,3,3,3,3,3,3,3,3,3,3,3,3,3,3,3,3,3,3,3,3,3,3,3,3,2,2,2,2,2
VM4,GAVM,N,2,2,2,2,2,2,2,2,2,2,2,2,3,3,3,3,3,3,3,3,3,3,3,3,3,3,3,3,3,3,3,3,3,3,3,3,3,3,3,3,3,3,3,2,2,2,2,2
VM5,VM6,N,2,2,2,2,2,2,2,2,2,2,2,2,3,3,3,3,3,3,3,3,3,3,3,3,3,3,3,3,3,3,3,3,3,3,3,3,3,3,3,3,3,3,3,2,2,2,2,2
VM6,JLMVM,N,2,2,2,2,2,2,2,2,2,2,2,2,3,3,3,3,3,3,3,3,3,3,3,3,3,3,3,3,3,3,3,3,3,3,3,3,3,3,3,3,3,3,3,2,2,2,2,2
VM7,VM8,N,2,2,2,2,2,2,2,2,2,2,2,2,3,4,4,4,4,3,3,3,3,4,4,4,3,4,4,4,3,3,3,3,3,4,4,4,3,3,3,3,3,3,3,2,2,2,2,2
VM8,MEVM,N,2,2,2,2,2,2,2,2,2,2,2,2,3,3,3,3,3,3,3,3,3,3,3,3,3,3,3,3,3,3,3,3,3,3,3,3,3,3,3,3,3,3,3,2,2,2,2,2
VM9,VM10,N,2,2,2,2,2,2,2,2,2,2,2,2,3,4,4,4,4,3,3,3,3,4,4,4,3,4,4,4,3,3,3,3,3,4,4,4,3,3,3,3,3,3,3,2,2,2,2,2
AVI1,AVI36,N,2,2,2,2,2,2,2,2,2,2,2,2,3,3,3,3,3,3,3,3,3,3,3,3,3,3,3,3,3,3,3,3,3,3,3,3,3,3,3,3,3,3,3,2,2,2,2,2
AVI36,AVI38,N,2,2,2,2,2,2,2,2,2,2,2,2,3,3,3,3,3,3,3,3,3,3,3,3,3,3,3,3,3,3,3,3,3,3,3,3,3,3,3,3,3,3,3,2,2,2,2,2
AVI38,AVI40,N,2,2,2,2,2,2,2,2,2,2,2,2,3,3,3,3,3,3,3,3,3,3,3,3,3,3,3,3,3,3,3,3,3,3,3,3,3,3,3,3,3,3,3,2,2,2,2,2
AVI40,AVI42,N,2,2,2,2,2,2,2,2,2,2,2,2,3,3,3,3,3,3,3,3,3,3,3,3,3,3,3,3,3,3,3,3,3,3,3,3,3,3,3,3,3,3,3,2,2,2,2,2
AVI42,AVI44,N,2,2,2,2,2,2,2,2,2,2,2,2,3,3,3,3,3,3,3,3,3,3,3,3,3,3,3,3,3,3,3,3,3,3,3,3,3,3,3,3,3,3,3,2,2,2,2,2
AVI44,AVI46,N,2,2,2,2,2,2,2,2,2,2,2,2,3,3,3,3,3,3,3,3,3,3,3,3,3,3,3,3,3,3,3,3,3,3,3,3,3,3,3,3,3,3,3,2,2,2,2,2
AVI46,AVI48,N,2,2,2,2,2,2,2,2,2,2,2,2,3,3,3,3,3,3,3,3,3,3,3,3,3,3,3,3,3,3,3,3,3,3,3,3,3,3,3,3,3,3,3,2,2,2,2,2
AVI48,RPC1,N,1,1,1,1,1,1,1,1,1,1,1,1,1,1,1,1,1,1,1,1,1,1,1,1,1,1,1,1,1,1,1,1,1,1,1,1,1,1,1,1,1,1,1,1,1,1,1,1
RPC1,RPC2,N,1,1,1,1,1,1,1,1,1,1,1,1,1,1,1,1,1,1,1,1,1,1,1,1,1,1,1,1,1,1,1,1,1,1,1,1,1,1,1,1,1,1,1,1,1,1,1,1
RPC2,RPC3,N,1,1,1,1,1,1,1,1,1,1,1,1,1,1,1,1,1,1,1,1,1,1,1,1,1,1,1,1,1,1,1,1,1,1,1,1,1,1,1,1,1,1,1,1,1,1,1,1
RPC3,RPC4,N,1,1,1,1,1,1,1,1,1,1,1,1,1,1,1,1,1,1,1,1,1,1,1,1,1,1,1,1,1,1,1,1,1,1,1,1,1,1,1,1,1,1,1,1,1,1,1,1
RPC4,RPC5,N,1,1,1,1,1,1,1,1,1,1,1,1,1,1,1,1,1,1,1,1,1,1,1,1,1,1,1,1,1,1,1,1,1,1,1,1,1,1,1,1,1,1,1,1,1,1,1,1
RPC5,RPC6,N,1,1,1,1,1,1,1,1,1,1,1,1,1,1,1,1,1,1,1,1,1,1,1,1,1,1,1,1,1,1,1,1,1,1,1,1,1,1,1,1,1,1,1,1,1,1,1,1
RPC6,AVI49,N,1,1,1,1,1,1,1,1,1,1,1,1,1,1,1,1,1,1,1,1,1,1,1,1,1,1,1,1,1,1,1,1,1,1,1,1,1,1,1,1,1,1,1,1,1,1,1,1
AVI49,AVI47,N,2,2,2,2,2,2,2,2,2,2,2,2,3,3,3,3,3,3,3,3,3,3,3,3,3,3,3,3,3,3,3,3,3,3,3,3,3,3,3,3,3,3,3,2,2,2,2,2
AVI47,AVI45,N,2,2,2,2,2,2,2,2,2,2,2,2,3,3,3,3,3,3,3,3,3,3,3,3,3,3,3,3,3,3,3,3,3,3,3,3,3,3,3,3,3,3,3,2,2,2,2,2
AVI45,AVI43,N,2,2,2,2,2,2,2,2,2,2,2,2,3,3,3,3,3,3,3,3,3,3,3,3,3,3,3,3,3,3,3,3,3,3,3,3,3,3,3,3,3,3,3,2,2,2,2,2
AVI43,AVI41,N,2,2,2,2,2,2,2,2,2,2,2,2,3,3,3,3,3,3,3,3,3,3,3,3,3,3,3,3,3,3,3,3,3,3,3,3,3,3,3,3,3,3,3,2,2,2,2,2
AVI41,AVI39,N,2,2,2,2,2,2,2,2,2,2,2,2,3,3,3,3,3,3,3,3,3,3,3,3,3,3,3,3,3,3,3,3,3,3,3,3,3,3,3,3,3,3,3,2,2,2,2,2
AVI39,AVI37,N,2,2,2,2,2,2,2,2,2,2,2,2,3,3,3,3,3,3,3,3,3,3,3,3,3,3,3,3,3,3,3,3,3,3,3,3,3,3,3,3,3,3,3,2,2,2,2,2
AVI37,AVI35,N,2,2,2,2,2,2,2,2,2,2,2,2,3,3,3,3,3,3,3,3,3,3,3,3,3,3,3,3,3,3,3,3,3,3,3,3,3,3,3,3,3,3,3,2,2,2,2,2
AVI35,AVI3,N,2,2,2,2,2,2,2,2,2,2,2,2,3,3,3,3,3,3,3,3,3,3,3,3,3,3,3,3,3,3,3,3,3,3,3,3,3,3,3,3,3,3,3,2,2,2,2,2
AVI36,ITU1,N,2,2,2,2,2,2,2,2,2,2,2,2,2,2,2,2,2,2,2,2,2,2,2,2,2,2,2,2,2,2,2,2,2,2,2,2,2,2,2,2,2,2,2,2,2,2,2,2
ITU1,ITU2,N,2,2,2,2,2,2,2,2,2,2,2,2,2,2,2,2,2,2,2,2,2,2,2,2,2,2,2,2,2,2,2,2,2,2,2,2,2,2,2,2,2,2,2,2,2,2,2,2
ITU2,ITUCLC,N,2,2,2,2,2,2,2,2,2,2,2,2,2,2,2,2,2,2,2,2,2,2,2,2,2,2,2,2,2,2,2,2,2,2,2,2,2,2,2,2,2,2,2,2,2,2,2,2
ITU3,ITU4,N,2,2,2,2,2,2,2,2,2,2,2,2,2,2,2,2,2,2,2,2,2,2,2,2,2,2,2,2,2,2,2,2,2,2,2,2,2,2,2,2,2,2,2,2,2,2,2,2
ITU4,AJ11,N,2,2,2,2,2,2,2,2,2,2,2,2,2,2,2,2,2,2,2,2,2,2,2,2,2,2,2,2,2,2,2,2,2,2,2,2,2,2,2,2,2,2,2,2,2,2,2,2
ITUCLC,ITU3,N,2,2,2,2,2,2,2,2,2,2,2,2,2,2,2,2,2,2,2,2,2,2,2,2,2,2,2,2,2,2,2,2,2,2,2,2,2,2,2,2,2,2,2,2,2,2,2,2
AJ11,AJ2,N,2,2,2,2,2,2,2,2,2,2,2,2,2,2,2,2,2,2,2,2,2,2,2,2,2,2,2,2,2,2,2,2,2,2,2,2,2,2,2,2,2,2,2,2,2,2,2,2
AJ11,AJ2,N,2,2,2,2,2,2,2,2,2,2,2,2,2,2,2,2,2,2,2,2,2,2,2,2,2,2,2,2,2,2,2,2,2,2,2,2,2,2,2,2,2,2,2,2,2,2,2,2